transfer_id,from_hub_id,from_hub_name,to_hub_id,to_hub_name,vaccine_name,batch_id,quantity_transferred,transfer_date,expected_delivery_date,actual_delivery_date,status,transport_mode,distance_km
7a428e74,HUB_023,Noakhali Division_Hub 23,HUB_005,Pirojpur District_Center 5,Covishield,BATCH_SIN_6939,2864,2024-09-16,2024-09-18,2024-09-18,Delivered,Cold_Chain_Truck,199.31
43cd711c,HUB_023,Noakhali Division_Hub 23,HUB_027,Noakhali District_Center 27,Pfizer,BATCH_MOD_6555,3495,2024-10-18,2024-10-19,2024-10-18,Delivered,Cold_Chain_Truck,107.54
013c4afb,HUB_025,Tangail Division_Hub 25,HUB_002,Dhaka District_Center 2,Pfizer,BATCH_SIN_9446,1645,2024-08-05,2024-08-06,2024-08-06,Delivered,Cold_Chain_Truck,466.37
f4d859df,HUB_022,Narayanganj Division_Hub 22,HUB_020,Dhaka District_Center 20,Pfizer,BATCH_MOD_8780,636,2024-09-08,2024-09-11,2024-09-12,Delivered,Cold_Chain_Truck,172.31
6a192a1f,HUB_008,Thakurgaon Division_Hub 8,HUB_018,Thakurgaon Community_Clinic 18,Sinopharm,BATCH_COV_8871,1896,2024-10-16,2024-10-18,2024-10-19,Delivered,Air,318.22
0e25920a,HUB_025,Tangail Division_Hub 25,HUB_028,Dhaka Community_Clinic 28,Covishield,BATCH_SIN_1310,4112,2024-09-01,2024-09-02,2024-09-03,Delivered,Cold_Chain_Truck,215.2
85d11eff,HUB_023,Noakhali Division_Hub 23,HUB_027,Noakhali District_Center 27,Covishield,BATCH_SIN_9498,2198,2024-10-18,2024-10-20,2024-10-27,Delayed,Air,169.27
caad2363,HUB_029,Nilphamari Division_Hub 29,HUB_021,Thakurgaon Community_Clinic 21,Moderna,BATCH_MOD_8932,2075,2024-08-23,2024-08-25,2024-08-29,Delayed,Cold_Chain_Truck,146.71
0e4a9ac5,HUB_022,Narayanganj Division_Hub 22,HUB_009,Kushtia Upazila_Health_Complex 9,Pfizer,BATCH_MOD_8861,3357,2024-09-08,2024-09-10,2024-09-11,Delivered,Air,467.51
790cb266,HUB_030,Habiganj Division_Hub 30,HUB_015,Sunamganj Upazila_Health_Complex 15,Moderna,BATCH_SIN_5758,844,2024-10-09,2024-10-11,2024-10-16,Delayed,Cold_Chain_Truck,478.1
bacce3d7,HUB_008,Thakurgaon Division_Hub 8,HUB_013,Dhaka Upazila_Health_Complex 13,Moderna,BATCH_MOD_3249,1394,2024-09-02,2024-09-05,2024-09-04,Delivered,Air,373.04
f76cc9fe,HUB_016,Khulna Division_Hub 16,HUB_019,Jessore District_Center 19,Pfizer,BATCH_MOD_8739,1323,2024-08-29,2024-09-01,2024-08-31,Delivered,Air,387.68
03778579,HUB_008,Thakurgaon Division_Hub 8,HUB_020,Dhaka District_Center 20,Pfizer,BATCH_SIN_5706,3131,2024-08-21,2024-08-23,2024-08-23,Delivered,Cold_Chain_Truck,326.49
d9e1252f,HUB_030,Habiganj Division_Hub 30,HUB_003,Sylhet District_Center 3,Sinopharm,BATCH_PFI_3880,797,2024-10-08,2024-10-11,2024-10-10,Delivered,Cold_Chain_Truck,396.1
59de13d5,HUB_016,Khulna Division_Hub 16,HUB_011,Dhaka Upazila_Health_Complex 11,Moderna,BATCH_MOD_8444,4950,2024-08-02,2024-08-04,2024-08-03,Delivered,Air,252.02
86d1d92c,HUB_016,Khulna Division_Hub 16,HUB_007,Jessore Community_Clinic 7,Moderna,BATCH_SIN_1230,3261,2024-08-15,2024-08-17,2024-08-17,Delivered,Cold_Chain_Truck,288.21
8b1952dd,HUB_030,Habiganj Division_Hub 30,HUB_015,Sunamganj Upazila_Health_Complex 15,Pfizer,BATCH_COV_4027,1651,2024-09-21,2024-09-23,2024-09-22,Delivered,Cold_Chain_Truck,168.56
d1180bc9,HUB_016,Khulna Division_Hub 16,HUB_007,Jessore Community_Clinic 7,Moderna,BATCH_COV_5285,3445,2024-09-27,2024-09-29,,In_Transit,Air,125.79
1b16cfb1,HUB_029,Nilphamari Division_Hub 29,HUB_018,Thakurgaon Community_Clinic 18,Moderna,BATCH_COV_5833,3510,2024-09-21,2024-09-24,2024-09-25,Delivered,Air,118.22
baf26f85,HUB_016,Khulna Division_Hub 16,HUB_019,Jessore District_Center 19,Pfizer,BATCH_SIN_5054,1170,2024-10-17,2024-10-19,2024-10-20,Delivered,Air,228.91
9676c499,HUB_029,Nilphamari Division_Hub 29,HUB_018,Thakurgaon Community_Clinic 18,Sinopharm,BATCH_SIN_6375,4762,2024-08-08,2024-08-11,2024-08-14,Delayed,Cold_Chain_Truck,66.96
988bc775,HUB_016,Khulna Division_Hub 16,HUB_007,Jessore Community_Clinic 7,Sinopharm,BATCH_PFI_8484,972,2024-10-05,2024-10-07,2024-10-12,Delayed,Air,236.57
ffdb3df6,HUB_030,Habiganj Division_Hub 30,HUB_011,Dhaka Upazila_Health_Complex 11,Sinopharm,BATCH_COV_1742,3970,2024-09-20,2024-09-22,2024-09-29,Delayed,Cold_Chain_Truck,353.19
8a3163ca,HUB_025,Tangail Division_Hub 25,HUB_002,Dhaka District_Center 2,Sinopharm,BATCH_SIN_7887,3567,2024-08-09,2024-08-11,2024-08-11,Delivered,Cold_Chain_Truck,229.78
a1391613,HUB_023,Noakhali Division_Hub 23,HUB_027,Noakhali District_Center 27,Sinopharm,BATCH_PFI_9664,1543,2024-08-18,2024-08-21,2024-08-23,Delayed,Air,489.57
def08a8b,HUB_030,Habiganj Division_Hub 30,HUB_001,Chittagong Upazila_Health_Complex 1,Pfizer,BATCH_PFI_4762,2527,2024-09-08,2024-09-10,2024-09-11,Delivered,Cold_Chain_Truck,179.62
e030496e,HUB_022,Narayanganj Division_Hub 22,HUB_007,Jessore Community_Clinic 7,Covishield,BATCH_SIN_4376,1051,2024-08-15,2024-08-16,2024-08-21,Delayed,Cold_Chain_Truck,301.03
18563b1d,HUB_023,Noakhali Division_Hub 23,HUB_001,Chittagong Upazila_Health_Complex 1,Sinopharm,BATCH_SIN_1924,1647,2024-09-01,2024-09-04,2024-09-04,Delivered,Air,496.81
77ff976f,HUB_016,Khulna Division_Hub 16,HUB_019,Jessore District_Center 19,Sinopharm,BATCH_PFI_5923,2754,2024-09-11,2024-09-12,2024-09-11,Delivered,Cold_Chain_Truck,282.79
d384f641,HUB_025,Tangail Division_Hub 25,HUB_013,Dhaka Upazila_Health_Complex 13,Pfizer,BATCH_MOD_7821,3844,2024-10-11,2024-10-13,2024-10-13,Delivered,Cold_Chain_Truck,156.95
1e6dab0c,HUB_016,Khulna Division_Hub 16,HUB_007,Jessore Community_Clinic 7,Covishield,BATCH_PFI_7824,4841,2024-09-08,2024-09-11,2024-09-11,Delivered,Cold_Chain_Truck,200.33
d35ee128,HUB_022,Narayanganj Division_Hub 22,HUB_002,Dhaka District_Center 2,Sinopharm,BATCH_COV_5398,3589,2024-09-27,2024-09-29,2024-09-30,Delivered,Air,306.44
d801f6f7,HUB_008,Thakurgaon Division_Hub 8,HUB_018,Thakurgaon Community_Clinic 18,Moderna,BATCH_COV_4470,2056,2024-10-01,2024-10-02,2024-10-06,Delayed,Air,67.48
8ac99bb9,HUB_030,Habiganj Division_Hub 30,HUB_018,Thakurgaon Community_Clinic 18,Moderna,BATCH_MOD_7236,4319,2024-10-17,2024-10-20,2024-10-19,Delivered,Air,327.87
0f7a227e,HUB_022,Narayanganj Division_Hub 22,HUB_013,Dhaka Upazila_Health_Complex 13,Pfizer,BATCH_MOD_4328,3536,2024-09-29,2024-09-30,2024-10-07,Delayed,Cold_Chain_Truck,212.83
95f1e501,HUB_025,Tangail Division_Hub 25,HUB_009,Kushtia Upazila_Health_Complex 9,Pfizer,BATCH_MOD_3497,2107,2024-08-03,2024-08-05,2024-08-06,Delivered,Cold_Chain_Truck,122.71
67861e22,HUB_025,Tangail Division_Hub 25,HUB_028,Dhaka Community_Clinic 28,Pfizer,BATCH_PFI_3756,3385,2024-09-13,2024-09-15,2024-09-15,Delivered,Cold_Chain_Truck,78.58
50cc63b2,HUB_025,Tangail Division_Hub 25,HUB_020,Dhaka District_Center 20,Covishield,BATCH_COV_7756,1626,2024-08-08,2024-08-11,2024-08-10,Delivered,Air,123.4
f166363a,HUB_029,Nilphamari Division_Hub 29,HUB_021,Thakurgaon Community_Clinic 21,Pfizer,BATCH_PFI_1257,554,2024-09-17,2024-09-18,2024-09-19,Delivered,Air,280.31
7cbeec16,HUB_008,Thakurgaon Division_Hub 8,HUB_021,Thakurgaon Community_Clinic 21,Pfizer,BATCH_SIN_2753,1289,2024-10-08,2024-10-10,2024-10-11,Delivered,Air,82.96
61b36da9,HUB_016,Khulna Division_Hub 16,HUB_009,Kushtia Upazila_Health_Complex 9,Pfizer,BATCH_SIN_4700,2957,2024-09-04,2024-09-06,2024-09-06,Delivered,Air,415.75
3e2433af,HUB_008,Thakurgaon Division_Hub 8,HUB_026,Natore Upazila_Health_Complex 26,Pfizer,BATCH_COV_1154,1903,2024-08-05,2024-08-06,2024-08-06,Delivered,Cold_Chain_Truck,254.93
e34cb401,HUB_023,Noakhali Division_Hub 23,HUB_026,Natore Upazila_Health_Complex 26,Sinopharm,BATCH_SIN_8790,2720,2024-10-12,2024-10-13,2024-10-15,Delayed,Cold_Chain_Truck,462.84
48f2af94,HUB_029,Nilphamari Division_Hub 29,HUB_010,Dhaka District_Center 10,Covishield,BATCH_SIN_3362,3762,2024-10-12,2024-10-15,2024-10-15,Delivered,Cold_Chain_Truck,156.65
fd6a04f8,HUB_025,Tangail Division_Hub 25,HUB_013,Dhaka Upazila_Health_Complex 13,Sinopharm,BATCH_COV_9204,3333,2024-10-09,2024-10-11,2024-10-12,Delivered,Cold_Chain_Truck,57.87
c23ee653,HUB_016,Khulna Division_Hub 16,HUB_019,Jessore District_Center 19,Moderna,BATCH_COV_5478,4190,2024-10-16,2024-10-18,,In_Transit,Cold_Chain_Truck,121.79
c12b5454,HUB_025,Tangail Division_Hub 25,HUB_028,Dhaka Community_Clinic 28,Moderna,BATCH_SIN_2204,1172,2024-10-14,2024-10-17,2024-10-18,Delivered,Cold_Chain_Truck,85.57
115d5315,HUB_029,Nilphamari Division_Hub 29,HUB_021,Thakurgaon Community_Clinic 21,Moderna,BATCH_PFI_6896,2709,2024-09-10,2024-09-12,2024-09-11,Delivered,Cold_Chain_Truck,74.93
8e333852,HUB_016,Khulna Division_Hub 16,HUB_019,Jessore District_Center 19,Moderna,BATCH_COV_6315,3655,2024-10-05,2024-10-07,2024-10-06,Delivered,Cold_Chain_Truck,153.01
cc50e5ec,HUB_023,Noakhali Division_Hub 23,HUB_003,Sylhet District_Center 3,Pfizer,BATCH_SIN_3274,2702,2024-10-11,2024-10-12,2024-10-11,Delivered,Cold_Chain_Truck,141.52
5774c648,HUB_016,Khulna Division_Hub 16,HUB_009,Kushtia Upazila_Health_Complex 9,Moderna,BATCH_MOD_5040,4561,2024-09-23,2024-09-25,2024-09-24,Delivered,Air,312.17
4eec9065,HUB_023,Noakhali Division_Hub 23,HUB_001,Chittagong Upazila_Health_Complex 1,Moderna,BATCH_PFI_6484,4027,2024-09-20,2024-09-22,2024-09-27,Delayed,Air,487.37
eb021dab,HUB_016,Khulna Division_Hub 16,HUB_019,Jessore District_Center 19,Moderna,BATCH_MOD_9044,2485,2024-08-26,2024-08-28,2024-08-28,Delivered,Cold_Chain_Truck,194.27
5c28e25b,HUB_030,Habiganj Division_Hub 30,HUB_015,Sunamganj Upazila_Health_Complex 15,Sinopharm,BATCH_COV_8563,2217,2024-08-26,2024-08-29,,In_Transit,Cold_Chain_Truck,400.87
192c145c,HUB_030,Habiganj Division_Hub 30,HUB_006,Sunamganj Upazila_Health_Complex 6,Moderna,BATCH_SIN_7932,3588,2024-10-03,2024-10-04,2024-10-03,Delivered,Cold_Chain_Truck,230.04
d561e96e,HUB_025,Tangail Division_Hub 25,HUB_020,Dhaka District_Center 20,Moderna,BATCH_COV_2791,2533,2024-10-04,2024-10-07,2024-10-06,Delivered,Air,335.7
b7695eec,HUB_016,Khulna Division_Hub 16,HUB_019,Jessore District_Center 19,Pfizer,BATCH_COV_1172,1307,2024-09-21,2024-09-23,,In_Transit,Cold_Chain_Truck,118.78
eb5f0b2c,HUB_029,Nilphamari Division_Hub 29,HUB_018,Thakurgaon Community_Clinic 18,Sinopharm,BATCH_MOD_1402,4454,2024-09-27,2024-09-29,2024-09-30,Delivered,Cold_Chain_Truck,154.76
297356d2,HUB_008,Thakurgaon Division_Hub 8,HUB_004,Comilla Upazila_Health_Complex 4,Sinopharm,BATCH_PFI_6706,4400,2024-08-19,2024-08-21,2024-08-21,Delivered,Cold_Chain_Truck,224.7
ce7a61c6,HUB_029,Nilphamari Division_Hub 29,HUB_021,Thakurgaon Community_Clinic 21,Covishield,BATCH_SIN_4996,4727,2024-08-06,2024-08-09,2024-08-09,Delivered,Cold_Chain_Truck,280.44
decd606d,HUB_022,Narayanganj Division_Hub 22,HUB_013,Dhaka Upazila_Health_Complex 13,Pfizer,BATCH_PFI_1478,2116,2024-08-30,2024-09-01,2024-08-31,Delivered,Cold_Chain_Truck,300.18
623fcb50,HUB_023,Noakhali Division_Hub 23,HUB_001,Chittagong Upazila_Health_Complex 1,Covishield,BATCH_SIN_6993,3170,2024-08-27,2024-08-29,2024-08-28,Delivered,Cold_Chain_Truck,234.2
560c4d01,HUB_022,Narayanganj Division_Hub 22,HUB_027,Noakhali District_Center 27,Pfizer,BATCH_COV_6700,3383,2024-10-07,2024-10-10,2024-10-10,Delivered,Cold_Chain_Truck,312.51
874e7585,HUB_030,Habiganj Division_Hub 30,HUB_027,Noakhali District_Center 27,Sinopharm,BATCH_MOD_2931,2454,2024-09-08,2024-09-11,2024-09-12,Delivered,Cold_Chain_Truck,67.3
9b40fa39,HUB_022,Narayanganj Division_Hub 22,HUB_013,Dhaka Upazila_Health_Complex 13,Pfizer,BATCH_SIN_8973,4902,2024-09-23,2024-09-26,2024-09-26,Delivered,Air,460.39
7c6f5a2c,HUB_016,Khulna Division_Hub 16,HUB_009,Kushtia Upazila_Health_Complex 9,Covishield,BATCH_MOD_1157,4469,2024-08-18,2024-08-19,2024-08-19,Delivered,Cold_Chain_Truck,105.61
901fd917,HUB_023,Noakhali Division_Hub 23,HUB_024,Feni Upazila_Health_Complex 24,Pfizer,BATCH_PFI_3740,1177,2024-09-22,2024-09-25,2024-09-26,Delivered,Air,25.12
1d4a79ac,HUB_030,Habiganj Division_Hub 30,HUB_006,Sunamganj Upazila_Health_Complex 6,Pfizer,BATCH_COV_2871,2694,2024-08-29,2024-09-01,2024-09-01,Delivered,Air,413.41
0cf6ac73,HUB_022,Narayanganj Division_Hub 22,HUB_020,Dhaka District_Center 20,Pfizer,BATCH_COV_5055,2938,2024-08-06,2024-08-09,2024-08-08,Delivered,Cold_Chain_Truck,230.37
2f476c06,HUB_022,Narayanganj Division_Hub 22,HUB_002,Dhaka District_Center 2,Moderna,BATCH_PFI_3719,1640,2024-08-31,2024-09-01,2024-09-07,Delayed,Cold_Chain_Truck,408.63
65f2aba8,HUB_030,Habiganj Division_Hub 30,HUB_015,Sunamganj Upazila_Health_Complex 15,Moderna,BATCH_MOD_5380,4714,2024-09-05,2024-09-08,2024-09-08,Delivered,Air,409.44
cd3900da,HUB_016,Khulna Division_Hub 16,HUB_015,Sunamganj Upazila_Health_Complex 15,Sinopharm,BATCH_SIN_6277,2527,2024-09-05,2024-09-08,2024-09-07,Delivered,Air,202.42
33e2392d,HUB_016,Khulna Division_Hub 16,HUB_019,Jessore District_Center 19,Covishield,BATCH_PFI_9447,2779,2024-09-23,2024-09-25,2024-09-26,Delivered,Air,468.8
671d2be4,HUB_022,Narayanganj Division_Hub 22,HUB_017,Jamalpur District_Center 17,Covishield,BATCH_PFI_6869,1018,2024-09-11,2024-09-14,2024-09-15,Delivered,Air,204.88
fc6501bc,HUB_023,Noakhali Division_Hub 23,HUB_012,Comilla District_Center 12,Pfizer,BATCH_MOD_1793,876,2024-09-06,2024-09-08,2024-09-07,Delivered,Cold_Chain_Truck,316.83
2719ca08,HUB_030,Habiganj Division_Hub 30,HUB_003,Sylhet District_Center 3,Sinopharm,BATCH_SIN_5945,1802,2024-09-26,2024-09-28,2024-09-28,Delivered,Cold_Chain_Truck,55.74
1c2d8b22,HUB_022,Narayanganj Division_Hub 22,HUB_028,Dhaka Community_Clinic 28,Sinopharm,BATCH_PFI_2494,1279,2024-08-22,2024-08-23,2024-08-23,Delivered,Cold_Chain_Truck,114.58
6702d293,HUB_008,Thakurgaon Division_Hub 8,HUB_021,Thakurgaon Community_Clinic 21,Pfizer,BATCH_SIN_8826,1080,2024-08-02,2024-08-03,2024-08-02,Delivered,Cold_Chain_Truck,197.7
fb88f2fe,HUB_029,Nilphamari Division_Hub 29,HUB_021,Thakurgaon Community_Clinic 21,Sinopharm,BATCH_COV_9691,569,2024-09-08,2024-09-09,2024-09-08,Delivered,Air,328.51
27232452,HUB_023,Noakhali Division_Hub 23,HUB_013,Dhaka Upazila_Health_Complex 13,Pfizer,BATCH_SIN_2420,1323,2024-10-20,2024-10-23,2024-10-23,Delivered,Cold_Chain_Truck,378.7
515cb29a,HUB_025,Tangail Division_Hub 25,HUB_013,Dhaka Upazila_Health_Complex 13,Covishield,BATCH_SIN_5668,719,2024-09-10,2024-09-11,2024-09-12,Delivered,Air,439.16
27928390,HUB_016,Khulna Division_Hub 16,HUB_007,Jessore Community_Clinic 7,Pfizer,BATCH_PFI_2847,2474,2024-09-20,2024-09-22,2024-09-21,Delivered,Cold_Chain_Truck,322.66
621b38dd,HUB_008,Thakurgaon Division_Hub 8,HUB_019,Jessore District_Center 19,Pfizer,BATCH_PFI_6986,4975,2024-08-02,2024-08-04,2024-08-07,Delayed,Air,94.66
6a297c3b,HUB_023,Noakhali Division_Hub 23,HUB_001,Chittagong Upazila_Health_Complex 1,Pfizer,BATCH_MOD_9209,3903,2024-08-02,2024-08-04,2024-08-03,Delivered,Cold_Chain_Truck,353.89
dd20f948,HUB_008,Thakurgaon Division_Hub 8,HUB_018,Thakurgaon Community_Clinic 18,Sinopharm,BATCH_SIN_9788,3176,2024-09-05,2024-09-06,2024-09-07,Delivered,Cold_Chain_Truck,297.35
d4d632a1,HUB_030,Habiganj Division_Hub 30,HUB_003,Sylhet District_Center 3,Covishield,BATCH_SIN_2412,4059,2024-09-09,2024-09-12,2024-09-11,Delivered,Cold_Chain_Truck,232.15
c9c982ea,HUB_025,Tangail Division_Hub 25,HUB_028,Dhaka Community_Clinic 28,Covishield,BATCH_SIN_9133,3340,2024-08-23,2024-08-24,2024-08-23,Delivered,Air,263.44
36cb0408,HUB_030,Habiganj Division_Hub 30,HUB_003,Sylhet District_Center 3,Moderna,BATCH_PFI_5456,4791,2024-09-04,2024-09-07,2024-09-09,Delayed,Cold_Chain_Truck,138.85
6d779877,HUB_025,Tangail Division_Hub 25,HUB_013,Dhaka Upazila_Health_Complex 13,Sinopharm,BATCH_MOD_3577,2589,2024-10-05,2024-10-07,2024-10-08,Delivered,Cold_Chain_Truck,448.19
6534be7b,HUB_029,Nilphamari Division_Hub 29,HUB_018,Thakurgaon Community_Clinic 18,Moderna,BATCH_PFI_3458,1966,2024-08-06,2024-08-07,2024-08-07,Delivered,Cold_Chain_Truck,280.9
0e7eed7f,HUB_029,Nilphamari Division_Hub 29,HUB_021,Thakurgaon Community_Clinic 21,Moderna,BATCH_COV_7108,1478,2024-09-01,2024-09-03,2024-09-07,Delayed,Air,339.93
c3698f85,HUB_008,Thakurgaon Division_Hub 8,HUB_018,Thakurgaon Community_Clinic 18,Moderna,BATCH_MOD_2415,4241,2024-09-21,2024-09-22,2024-09-26,Delayed,Cold_Chain_Truck,190.77
a44437e7,HUB_022,Narayanganj Division_Hub 22,HUB_021,Thakurgaon Community_Clinic 21,Pfizer,BATCH_SIN_9954,2508,2024-10-19,2024-10-20,2024-10-21,Delivered,Cold_Chain_Truck,13.13
24bb33a8,HUB_023,Noakhali Division_Hub 23,HUB_012,Comilla District_Center 12,Pfizer,BATCH_MOD_2703,2180,2024-08-02,2024-08-04,2024-08-05,Delivered,Air,491.73
e2967fb4,HUB_023,Noakhali Division_Hub 23,HUB_018,Thakurgaon Community_Clinic 18,Sinopharm,BATCH_PFI_7102,4255,2024-08-19,2024-08-22,2024-08-21,Delivered,Air,51.6
10be1248,HUB_008,Thakurgaon Division_Hub 8,HUB_021,Thakurgaon Community_Clinic 21,Sinopharm,BATCH_SIN_5778,2638,2024-08-10,2024-08-13,2024-08-13,Delivered,Cold_Chain_Truck,463.76
6e61be1a,HUB_023,Noakhali Division_Hub 23,HUB_028,Dhaka Community_Clinic 28,Covishield,BATCH_SIN_3230,1392,2024-09-11,2024-09-13,2024-09-12,Delivered,Cold_Chain_Truck,61.77
476ba773,HUB_023,Noakhali Division_Hub 23,HUB_001,Chittagong Upazila_Health_Complex 1,Sinopharm,BATCH_PFI_6051,4295,2024-10-08,2024-10-10,,In_Transit,Cold_Chain_Truck,427.72
8e55869c,HUB_008,Thakurgaon Division_Hub 8,HUB_006,Sunamganj Upazila_Health_Complex 6,Sinopharm,BATCH_MOD_3430,1247,2024-09-08,2024-09-11,2024-09-10,Delivered,Air,131.63
11ec1a9d,HUB_022,Narayanganj Division_Hub 22,HUB_028,Dhaka Community_Clinic 28,Covishield,BATCH_PFI_8408,2546,2024-09-08,2024-09-10,2024-09-13,Delayed,Cold_Chain_Truck,236.4
57eba420,HUB_030,Habiganj Division_Hub 30,HUB_003,Sylhet District_Center 3,Moderna,BATCH_COV_5240,1114,2024-08-29,2024-08-30,2024-08-30,Delivered,Cold_Chain_Truck,498.61
e3a99ab9,HUB_016,Khulna Division_Hub 16,HUB_007,Jessore Community_Clinic 7,Covishield,BATCH_SIN_8096,3735,2024-08-12,2024-08-14,2024-08-14,Delivered,Cold_Chain_Truck,24.45
cff3ae16,HUB_029,Nilphamari Division_Hub 29,HUB_018,Thakurgaon Community_Clinic 18,Covishield,BATCH_SIN_5835,4586,2024-08-24,2024-08-26,2024-08-25,Delivered,Cold_Chain_Truck,442.56
6ce801c6,HUB_023,Noakhali Division_Hub 23,HUB_024,Feni Upazila_Health_Complex 24,Sinopharm,BATCH_COV_7266,3441,2024-08-18,2024-08-20,2024-08-21,Delivered,Cold_Chain_Truck,276.81
64fc175f,HUB_023,Noakhali Division_Hub 23,HUB_013,Dhaka Upazila_Health_Complex 13,Covishield,BATCH_MOD_4588,740,2024-10-04,2024-10-06,2024-10-05,Delivered,Cold_Chain_Truck,38.71
5affcdb2,HUB_023,Noakhali Division_Hub 23,HUB_027,Noakhali District_Center 27,Sinopharm,BATCH_MOD_9743,958,2024-08-30,2024-08-31,2024-09-01,Delivered,Cold_Chain_Truck,292.09
a5c40c4b,HUB_030,Habiganj Division_Hub 30,HUB_003,Sylhet District_Center 3,Moderna,BATCH_COV_6761,1664,2024-08-23,2024-08-24,2024-08-25,Delivered,Air,474.7
95859e2f,HUB_030,Habiganj Division_Hub 30,HUB_003,Sylhet District_Center 3,Sinopharm,BATCH_COV_9625,4415,2024-10-02,2024-10-03,2024-10-02,Delivered,Cold_Chain_Truck,172.55
c1cbb30a,HUB_025,Tangail Division_Hub 25,HUB_007,Jessore Community_Clinic 7,Covishield,BATCH_COV_3420,1660,2024-09-13,2024-09-16,2024-09-16,Delivered,Cold_Chain_Truck,424.78
9cd9894d,HUB_030,Habiganj Division_Hub 30,HUB_013,Dhaka Upazila_Health_Complex 13,Covishield,BATCH_MOD_5944,3142,2024-09-17,2024-09-20,2024-09-25,Delayed,Cold_Chain_Truck,488.17
6a280896,HUB_029,Nilphamari Division_Hub 29,HUB_015,Sunamganj Upazila_Health_Complex 15,Moderna,BATCH_SIN_3872,3599,2024-10-02,2024-10-05,2024-10-06,Delivered,Cold_Chain_Truck,369.66
6f928a69,HUB_022,Narayanganj Division_Hub 22,HUB_002,Dhaka District_Center 2,Covishield,BATCH_SIN_6213,2309,2024-10-13,2024-10-15,2024-10-21,Delayed,Air,287.12
796edeee,HUB_023,Noakhali Division_Hub 23,HUB_001,Chittagong Upazila_Health_Complex 1,Sinopharm,BATCH_COV_6500,4158,2024-08-31,2024-09-02,,In_Transit,Cold_Chain_Truck,139.95
c5402822,HUB_016,Khulna Division_Hub 16,HUB_009,Kushtia Upazila_Health_Complex 9,Pfizer,BATCH_PFI_3725,3891,2024-08-14,2024-08-17,2024-08-17,Delivered,Cold_Chain_Truck,442.07
e1e2e175,HUB_022,Narayanganj Division_Hub 22,HUB_013,Dhaka Upazila_Health_Complex 13,Sinopharm,BATCH_PFI_2207,773,2024-10-13,2024-10-16,2024-10-15,Delivered,Cold_Chain_Truck,19.84
3e07d4d2,HUB_022,Narayanganj Division_Hub 22,HUB_010,Dhaka District_Center 10,Covishield,BATCH_MOD_8909,753,2024-09-18,2024-09-19,2024-09-20,Delivered,Cold_Chain_Truck,471.8
3282616b,HUB_016,Khulna Division_Hub 16,HUB_024,Feni Upazila_Health_Complex 24,Sinopharm,BATCH_PFI_9849,2673,2024-08-21,2024-08-22,2024-08-21,Delivered,Air,147.95
872d169b,HUB_016,Khulna Division_Hub 16,HUB_019,Jessore District_Center 19,Covishield,BATCH_PFI_2435,2912,2024-10-10,2024-10-12,2024-10-12,Delivered,Air,316.29
d520cd78,HUB_023,Noakhali Division_Hub 23,HUB_004,Comilla Upazila_Health_Complex 4,Pfizer,BATCH_COV_6052,3756,2024-08-22,2024-08-25,2024-08-24,Delivered,Cold_Chain_Truck,249.66
15c4a578,HUB_029,Nilphamari Division_Hub 29,HUB_021,Thakurgaon Community_Clinic 21,Sinopharm,BATCH_PFI_1731,2656,2024-08-24,2024-08-26,2024-08-30,Delayed,Cold_Chain_Truck,237.88
b17b9e50,HUB_016,Khulna Division_Hub 16,HUB_007,Jessore Community_Clinic 7,Pfizer,BATCH_SIN_1999,3671,2024-08-13,2024-08-14,2024-08-15,Delivered,Air,215.13
dba77081,HUB_025,Tangail Division_Hub 25,HUB_027,Noakhali District_Center 27,Moderna,BATCH_COV_7468,784,2024-09-30,2024-10-03,2024-10-08,Delayed,Air,289.9
32fb1b06,HUB_025,Tangail Division_Hub 25,HUB_020,Dhaka District_Center 20,Sinopharm,BATCH_SIN_4471,2078,2024-08-19,2024-08-20,2024-08-25,Delayed,Cold_Chain_Truck,30.91
046020c3,HUB_008,Thakurgaon Division_Hub 8,HUB_018,Thakurgaon Community_Clinic 18,Covishield,BATCH_COV_7358,3755,2024-10-16,2024-10-18,2024-10-19,Delivered,Air,169.8
e5a07872,HUB_022,Narayanganj Division_Hub 22,HUB_002,Dhaka District_Center 2,Covishield,BATCH_PFI_3451,1714,2024-10-19,2024-10-22,2024-10-22,Delivered,Air,298.09
41c9cfa3,HUB_030,Habiganj Division_Hub 30,HUB_004,Comilla Upazila_Health_Complex 4,Moderna,BATCH_PFI_5327,3637,2024-10-12,2024-10-13,2024-10-14,Delivered,Air,247.94
e9d99dd3,HUB_025,Tangail Division_Hub 25,HUB_011,Dhaka Upazila_Health_Complex 11,Pfizer,BATCH_COV_7484,3215,2024-09-21,2024-09-22,2024-09-23,Delivered,Air,126.41
8949f5a0,HUB_029,Nilphamari Division_Hub 29,HUB_018,Thakurgaon Community_Clinic 18,Moderna,BATCH_MOD_9054,1304,2024-09-17,2024-09-18,2024-09-18,Delivered,Cold_Chain_Truck,75.85
399b5b37,HUB_029,Nilphamari Division_Hub 29,HUB_017,Jamalpur District_Center 17,Covishield,BATCH_SIN_8237,2231,2024-09-11,2024-09-13,2024-09-14,Delivered,Cold_Chain_Truck,373.06
28d4bf30,HUB_030,Habiganj Division_Hub 30,HUB_019,Jessore District_Center 19,Moderna,BATCH_PFI_3222,4794,2024-08-08,2024-08-11,2024-08-10,Delivered,Air,24.18
883317e5,HUB_016,Khulna Division_Hub 16,HUB_007,Jessore Community_Clinic 7,Sinopharm,BATCH_MOD_7035,4302,2024-09-01,2024-09-02,2024-09-02,Delivered,Air,204.5
03938a26,HUB_008,Thakurgaon Division_Hub 8,HUB_021,Thakurgaon Community_Clinic 21,Moderna,BATCH_MOD_3679,2618,2024-10-02,2024-10-05,2024-10-05,Delivered,Air,417.13
fc2fa7c2,HUB_008,Thakurgaon Division_Hub 8,HUB_018,Thakurgaon Community_Clinic 18,Sinopharm,BATCH_SIN_4387,2704,2024-08-21,2024-08-24,2024-08-23,Delivered,Air,210.66
dc3038ba,HUB_008,Thakurgaon Division_Hub 8,HUB_018,Thakurgaon Community_Clinic 18,Moderna,BATCH_MOD_5511,3971,2024-08-23,2024-08-26,2024-08-29,Delayed,Cold_Chain_Truck,427.28
870d7ad4,HUB_023,Noakhali Division_Hub 23,HUB_012,Comilla District_Center 12,Covishield,BATCH_MOD_5631,2945,2024-10-06,2024-10-09,2024-10-08,Delivered,Air,62.97
98fb19c3,HUB_008,Thakurgaon Division_Hub 8,HUB_012,Comilla District_Center 12,Moderna,BATCH_SIN_3456,4737,2024-09-11,2024-09-13,2024-09-14,Delivered,Cold_Chain_Truck,450.85
cb0baa9e,HUB_030,Habiganj Division_Hub 30,HUB_006,Sunamganj Upazila_Health_Complex 6,Moderna,BATCH_MOD_7857,3814,2024-08-18,2024-08-21,2024-08-21,Delivered,Cold_Chain_Truck,371.0
08ba2868,HUB_025,Tangail Division_Hub 25,HUB_028,Dhaka Community_Clinic 28,Pfizer,BATCH_MOD_9311,2959,2024-08-25,2024-08-27,2024-08-26,Delivered,Cold_Chain_Truck,421.91
7501d6c5,HUB_025,Tangail Division_Hub 25,HUB_013,Dhaka Upazila_Health_Complex 13,Sinopharm,BATCH_MOD_2463,2320,2024-08-17,2024-08-20,2024-08-21,Delivered,Cold_Chain_Truck,119.43
f28bdf2c,HUB_030,Habiganj Division_Hub 30,HUB_006,Sunamganj Upazila_Health_Complex 6,Covishield,BATCH_PFI_1879,1083,2024-09-17,2024-09-19,2024-09-19,Delivered,Cold_Chain_Truck,445.82
f80e0b1b,HUB_025,Tangail Division_Hub 25,HUB_004,Comilla Upazila_Health_Complex 4,Sinopharm,BATCH_SIN_4281,3307,2024-09-18,2024-09-21,2024-09-20,Delivered,Cold_Chain_Truck,493.72
04cbe219,HUB_023,Noakhali Division_Hub 23,HUB_004,Comilla Upazila_Health_Complex 4,Moderna,BATCH_COV_1077,4203,2024-08-11,2024-08-13,2024-08-12,Delivered,Cold_Chain_Truck,112.6
4f293b8d,HUB_030,Habiganj Division_Hub 30,HUB_003,Sylhet District_Center 3,Pfizer,BATCH_PFI_8029,4410,2024-10-02,2024-10-03,2024-10-03,Delivered,Cold_Chain_Truck,12.29
92c6fec8,HUB_025,Tangail Division_Hub 25,HUB_007,Jessore Community_Clinic 7,Sinopharm,BATCH_COV_1067,2538,2024-08-02,2024-08-04,2024-08-05,Delivered,Cold_Chain_Truck,349.83
57c2c4bd,HUB_022,Narayanganj Division_Hub 22,HUB_013,Dhaka Upazila_Health_Complex 13,Covishield,BATCH_MOD_5764,4234,2024-10-04,2024-10-07,2024-10-06,Delivered,Air,264.94
5178946f,HUB_025,Tangail Division_Hub 25,HUB_028,Dhaka Community_Clinic 28,Pfizer,BATCH_MOD_4087,1850,2024-08-18,2024-08-20,,In_Transit,Cold_Chain_Truck,19.37
60dcedcd,HUB_016,Khulna Division_Hub 16,HUB_007,Jessore Community_Clinic 7,Covishield,BATCH_PFI_5190,4880,2024-10-15,2024-10-18,2024-10-18,Delivered,Air,33.81
b6ba3b3e,HUB_008,Thakurgaon Division_Hub 8,HUB_018,Thakurgaon Community_Clinic 18,Pfizer,BATCH_COV_9966,2570,2024-08-07,2024-08-10,2024-08-10,Delivered,Cold_Chain_Truck,353.92
24d4ceba,HUB_016,Khulna Division_Hub 16,HUB_007,Jessore Community_Clinic 7,Moderna,BATCH_SIN_7862,1359,2024-09-08,2024-09-10,2024-09-11,Delivered,Air,362.2
5dd05fee,HUB_008,Thakurgaon Division_Hub 8,HUB_018,Thakurgaon Community_Clinic 18,Sinopharm,BATCH_MOD_7713,2919,2024-10-03,2024-10-04,2024-10-04,Delivered,Cold_Chain_Truck,29.31
