wastage_id,hub_id,hub_name,hub_type,vaccine_name,batch_id,quantity_wasted,wastage_date,wastage_reason,reported_by,prevention_possible,cost_impact
21f00a62,HUB_027,Noakhali District_Center 27,District_Center,Pfizer,BATCH_COV_6007,200,2024-08-30,Expired,Staff_84,False,3790.64
c94112cb,HUB_007,Jessore Community_Clinic 7,Community_Clinic,Sinopharm,BATCH_COV_1383,432,2024-09-05,Expired,Staff_4,True,934.0
f2320133,HUB_002,Dhaka District_Center 2,District_Center,Moderna,BATCH_PFI_3890,411,2024-08-01,Contamination,Staff_72,True,3405.88
0fb49969,HUB_012,Comilla District_Center 12,District_Center,Moderna,BATCH_SIN_5336,63,2024-10-18,Breakage,Staff_35,False,428.62
bb3ea9c3,HUB_007,Jessore Community_Clinic 7,Community_Clinic,Covishield,BATCH_COV_5261,424,2024-09-06,Contamination,Staff_45,False,4905.44
4720fde3,HUB_013,Dhaka Upazila_Health_Complex 13,Upazila_Health_Complex,Covishield,BATCH_MOD_1164,263,2024-09-01,Flood_Damage,Staff_36,False,4921.23
dfe5fe6f,HUB_006,Sunamganj Upazila_Health_Complex 6,Upazila_Health_Complex,Pfizer,BATCH_MOD_3131,159,2024-08-30,Contamination,Staff_23,True,1662.71
ca3c0a4f,HUB_006,Sunamganj Upazila_Health_Complex 6,Upazila_Health_Complex,Sinopharm,BATCH_MOD_9685,70,2024-09-19,Expired,Staff_39,False,416.02
684353f9,HUB_023,Noakhali Division_Hub 23,Division_Hub,Sinopharm,BATCH_PFI_4441,388,2024-08-27,Breakage,Staff_13,False,2040.62
55f09ef5,HUB_022,Narayanganj Division_Hub 22,Division_Hub,Moderna,BATCH_COV_8853,173,2024-10-25,Open_Vial_Wastage,Staff_17,False,1968.82
e5d4f51d,HUB_005,Pirojpur District_Center 5,District_Center,Pfizer,BATCH_MOD_9781,363,2024-10-06,Expired,Staff_100,True,1871.97
427211de,HUB_019,Jessore District_Center 19,District_Center,Moderna,BATCH_COV_4154,156,2024-09-16,Open_Vial_Wastage,Staff_28,True,3077.71
67f1d347,HUB_009,Kushtia Upazila_Health_Complex 9,Upazila_Health_Complex,Sinopharm,BATCH_MOD_9302,486,2024-09-19,Expired,Staff_78,False,2888.17
eabb625f,HUB_014,Bogra Community_Clinic 14,Community_Clinic,Covishield,BATCH_MOD_2553,270,2024-09-17,Open_Vial_Wastage,Staff_32,True,3442.93
987c2e26,HUB_027,Noakhali District_Center 27,District_Center,Pfizer,BATCH_MOD_2606,86,2024-09-02,Open_Vial_Wastage,Staff_57,True,3686.65
f10499c6,HUB_030,Habiganj Division_Hub 30,Division_Hub,Sinopharm,BATCH_COV_4256,422,2024-08-01,Contamination,Staff_66,True,2821.26
13ff157c,HUB_018,Thakurgaon Community_Clinic 18,Community_Clinic,Moderna,BATCH_COV_7748,146,2024-09-18,Load_Shedding,Staff_10,False,4927.84
6cf08fc0,HUB_015,Sunamganj Upazila_Health_Complex 15,Upazila_Health_Complex,Pfizer,BATCH_SIN_8709,457,2024-10-28,Expired,Staff_67,True,4314.95
b98ef914,HUB_023,Noakhali Division_Hub 23,Division_Hub,Pfizer,BATCH_COV_1846,360,2024-09-17,Load_Shedding,Staff_40,True,4406.72
5eae0f01,HUB_011,Dhaka Upazila_Health_Complex 11,Upazila_Health_Complex,Pfizer,BATCH_MOD_1597,182,2024-09-28,Breakage,Staff_5,False,2750.28
9b14e5d5,HUB_020,Dhaka District_Center 20,District_Center,Moderna,BATCH_SIN_4318,54,2024-08-31,Load_Shedding,Staff_20,False,4038.14
029be2f2,HUB_030,Habiganj Division_Hub 30,Division_Hub,Sinopharm,BATCH_MOD_3068,481,2024-10-25,Contamination,Staff_37,True,236.01
367435ec,HUB_008,Thakurgaon Division_Hub 8,Division_Hub,Pfizer,BATCH_SIN_5824,42,2024-09-12,Contamination,Staff_17,True,1421.65
d54b86b6,HUB_007,Jessore Community_Clinic 7,Community_Clinic,Pfizer,BATCH_COV_1838,41,2024-08-09,Open_Vial_Wastage,Staff_46,False,307.44
afd8ac3d,HUB_019,Jessore District_Center 19,District_Center,Covishield,BATCH_PFI_1454,292,2024-09-14,Expired,Staff_35,True,730.43
f5056121,HUB_012,Comilla District_Center 12,District_Center,Pfizer,BATCH_COV_3228,491,2024-10-01,Open_Vial_Wastage,Staff_81,False,4491.01
aa7f2923,HUB_006,Sunamganj Upazila_Health_Complex 6,Upazila_Health_Complex,Sinopharm,BATCH_SIN_3525,281,2024-10-08,Contamination,Staff_79,True,3318.31
23271e74,HUB_003,Sylhet District_Center 3,District_Center,Pfizer,BATCH_PFI_4163,397,2024-10-18,Flood_Damage,Staff_64,False,3068.38
d1a0a8db,HUB_028,Dhaka Community_Clinic 28,Community_Clinic,Moderna,BATCH_PFI_8621,374,2024-10-10,Breakage,Staff_48,False,612.88
3f71f5fc,HUB_017,Jamalpur District_Center 17,District_Center,Pfizer,BATCH_MOD_8670,398,2024-10-13,Open_Vial_Wastage,Staff_69,True,3640.2
627b02b1,HUB_003,Sylhet District_Center 3,District_Center,Sinopharm,BATCH_SIN_3337,396,2024-10-03,Contamination,Staff_11,False,1690.43
5670a8c0,HUB_023,Noakhali Division_Hub 23,Division_Hub,Covishield,BATCH_SIN_9510,481,2024-09-19,Contamination,Staff_52,False,3092.47
cb273811,HUB_001,Chittagong Upazila_Health_Complex 1,Upazila_Health_Complex,Sinopharm,BATCH_SIN_6010,104,2024-08-27,Load_Shedding,Staff_60,False,3775.44
389e637a,HUB_019,Jessore District_Center 19,District_Center,Covishield,BATCH_SIN_2519,52,2024-08-17,Flood_Damage,Staff_71,True,3410.16
4e8b49ce,HUB_027,Noakhali District_Center 27,District_Center,Pfizer,BATCH_MOD_4662,171,2024-10-23,Contamination,Staff_59,True,3193.87
85a67e90,HUB_014,Bogra Community_Clinic 14,Community_Clinic,Moderna,BATCH_COV_2753,136,2024-09-24,Load_Shedding,Staff_50,True,2470.19
70fbb9f8,HUB_009,Kushtia Upazila_Health_Complex 9,Upazila_Health_Complex,Sinopharm,BATCH_MOD_8188,266,2024-10-23,Breakage,Staff_22,False,4045.54
a01513ff,HUB_027,Noakhali District_Center 27,District_Center,Moderna,BATCH_SIN_8610,279,2024-09-01,Open_Vial_Wastage,Staff_47,True,4285.93
ae6099b0,HUB_020,Dhaka District_Center 20,District_Center,Covishield,BATCH_PFI_5061,483,2024-08-20,Load_Shedding,Staff_85,False,443.7
76a45f8e,HUB_022,Narayanganj Division_Hub 22,Division_Hub,Moderna,BATCH_MOD_8087,467,2024-09-02,Open_Vial_Wastage,Staff_91,True,3007.52
00065433,HUB_011,Dhaka Upazila_Health_Complex 11,Upazila_Health_Complex,Pfizer,BATCH_SIN_2637,469,2024-09-23,Flood_Damage,Staff_46,False,151.43
2e65183f,HUB_009,Kushtia Upazila_Health_Complex 9,Upazila_Health_Complex,Sinopharm,BATCH_SIN_3902,411,2024-08-27,Open_Vial_Wastage,Staff_83,True,4727.54
75eefc19,HUB_014,Bogra Community_Clinic 14,Community_Clinic,Moderna,BATCH_COV_2015,347,2024-08-29,Breakage,Staff_29,False,395.67
fbf9201e,HUB_014,Bogra Community_Clinic 14,Community_Clinic,Moderna,BATCH_SIN_3720,329,2024-10-12,Open_Vial_Wastage,Staff_82,False,3457.73
5cc395f1,HUB_002,Dhaka District_Center 2,District_Center,Pfizer,BATCH_COV_4951,473,2024-09-18,Breakage,Staff_74,False,4140.7
fd0388cf,HUB_015,Sunamganj Upazila_Health_Complex 15,Upazila_Health_Complex,Sinopharm,BATCH_PFI_5699,336,2024-09-27,Contamination,Staff_60,True,2645.19
526f6e47,HUB_015,Sunamganj Upazila_Health_Complex 15,Upazila_Health_Complex,Pfizer,BATCH_COV_3198,216,2024-10-18,Contamination,Staff_20,False,4478.87
cd396c9d,HUB_018,Thakurgaon Community_Clinic 18,Community_Clinic,Pfizer,BATCH_MOD_4547,81,2024-09-07,Flood_Damage,Staff_95,False,1469.17
0b5a6b6e,HUB_021,Thakurgaon Community_Clinic 21,Community_Clinic,Pfizer,BATCH_SIN_4475,209,2024-08-12,Open_Vial_Wastage,Staff_15,False,1284.82
8864da48,HUB_015,Sunamganj Upazila_Health_Complex 15,Upazila_Health_Complex,Covishield,BATCH_SIN_1658,474,2024-08-03,Breakage,Staff_19,False,3368.56
4ddfe963,HUB_011,Dhaka Upazila_Health_Complex 11,Upazila_Health_Complex,Moderna,BATCH_COV_3731,405,2024-09-16,Contamination,Staff_26,False,715.63
0f6b7fea,HUB_007,Jessore Community_Clinic 7,Community_Clinic,Sinopharm,BATCH_MOD_9749,142,2024-09-23,Breakage,Staff_63,False,1095.15
c11bd15d,HUB_005,Pirojpur District_Center 5,District_Center,Pfizer,BATCH_MOD_2356,401,2024-10-21,Breakage,Staff_15,False,3941.0
16fb37e1,HUB_008,Thakurgaon Division_Hub 8,Division_Hub,Covishield,BATCH_SIN_4396,228,2024-10-19,Contamination,Staff_50,False,4969.95
d668b71e,HUB_009,Kushtia Upazila_Health_Complex 9,Upazila_Health_Complex,Sinopharm,BATCH_PFI_4711,497,2024-08-28,Flood_Damage,Staff_5,False,570.29
2bac1bab,HUB_021,Thakurgaon Community_Clinic 21,Community_Clinic,Moderna,BATCH_MOD_3042,293,2024-10-21,Expired,Staff_73,False,1093.39
8ddcda33,HUB_027,Noakhali District_Center 27,District_Center,Moderna,BATCH_MOD_4334,380,2024-08-27,Breakage,Staff_34,False,328.43
66f378be,HUB_005,Pirojpur District_Center 5,District_Center,Moderna,BATCH_MOD_9634,31,2024-10-16,Expired,Staff_61,False,3896.37
07e9a846,HUB_011,Dhaka Upazila_Health_Complex 11,Upazila_Health_Complex,Covishield,BATCH_MOD_8171,202,2024-09-13,Expired,Staff_84,True,3958.65
8e40ee52,HUB_023,Noakhali Division_Hub 23,Division_Hub,Pfizer,BATCH_PFI_3993,102,2024-08-03,Load_Shedding,Staff_40,True,982.98
427000f5,HUB_004,Comilla Upazila_Health_Complex 4,Upazila_Health_Complex,Sinopharm,BATCH_MOD_5945,183,2024-09-16,Breakage,Staff_37,False,3710.31
e0ce82a9,HUB_003,Sylhet District_Center 3,District_Center,Covishield,BATCH_SIN_4832,55,2024-09-20,Contamination,Staff_60,False,2179.25
af7736fe,HUB_009,Kushtia Upazila_Health_Complex 9,Upazila_Health_Complex,Moderna,BATCH_PFI_7991,308,2024-09-23,Contamination,Staff_62,False,245.29
fdff0ba5,HUB_026,Natore Upazila_Health_Complex 26,Upazila_Health_Complex,Moderna,BATCH_PFI_2019,354,2024-10-15,Contamination,Staff_92,True,3316.62
876bc011,HUB_010,Dhaka District_Center 10,District_Center,Pfizer,BATCH_PFI_8569,227,2024-10-19,Open_Vial_Wastage,Staff_35,False,3359.62
60741883,HUB_013,Dhaka Upazila_Health_Complex 13,Upazila_Health_Complex,Covishield,BATCH_MOD_6337,332,2024-08-18,Expired,Staff_83,True,3362.12
0aea8d9d,HUB_007,Jessore Community_Clinic 7,Community_Clinic,Covishield,BATCH_MOD_5652,58,2024-09-07,Expired,Staff_9,False,679.93
cfb8c9e7,HUB_007,Jessore Community_Clinic 7,Community_Clinic,Moderna,BATCH_COV_2575,452,2024-08-04,Expired,Staff_89,True,545.79
a23e4624,HUB_011,Dhaka Upazila_Health_Complex 11,Upazila_Health_Complex,Covishield,BATCH_MOD_5752,42,2024-10-19,Expired,Staff_16,False,4137.34
162e7fc6,HUB_022,Narayanganj Division_Hub 22,Division_Hub,Pfizer,BATCH_COV_2416,321,2024-09-12,Expired,Staff_24,False,2192.82
c63d6c4c,HUB_004,Comilla Upazila_Health_Complex 4,Upazila_Health_Complex,Sinopharm,BATCH_COV_9183,28,2024-08-16,Contamination,Staff_38,False,3554.74
7ad6f7f5,HUB_029,Nilphamari Division_Hub 29,Division_Hub,Pfizer,BATCH_MOD_4057,355,2024-10-27,Flood_Damage,Staff_29,False,2815.69
730e2f41,HUB_005,Pirojpur District_Center 5,District_Center,Covishield,BATCH_MOD_9299,133,2024-09-15,Breakage,Staff_48,True,2867.12
37f6594a,HUB_023,Noakhali Division_Hub 23,Division_Hub,Pfizer,BATCH_MOD_7963,227,2024-10-03,Breakage,Staff_82,False,391.64
01697b90,HUB_020,Dhaka District_Center 20,District_Center,Moderna,BATCH_PFI_1962,91,2024-08-09,Open_Vial_Wastage,Staff_88,True,1197.85
1286c52f,HUB_011,Dhaka Upazila_Health_Complex 11,Upazila_Health_Complex,Sinopharm,BATCH_SIN_6963,407,2024-08-05,Flood_Damage,Staff_66,True,2699.48
50b65655,HUB_010,Dhaka District_Center 10,District_Center,Pfizer,BATCH_SIN_8959,482,2024-09-01,Breakage,Staff_57,False,3131.18
5031bdc3,HUB_024,Feni Upazila_Health_Complex 24,Upazila_Health_Complex,Sinopharm,BATCH_SIN_6987,355,2024-08-08,Flood_Damage,Staff_67,False,3961.97
3c2a0bca,HUB_004,Comilla Upazila_Health_Complex 4,Upazila_Health_Complex,Moderna,BATCH_PFI_5884,222,2024-10-26,Breakage,Staff_14,False,3552.82
7116dbe5,HUB_010,Dhaka District_Center 10,District_Center,Pfizer,BATCH_SIN_2682,166,2024-09-22,Flood_Damage,Staff_67,False,4527.64
300ee987,HUB_004,Comilla Upazila_Health_Complex 4,Upazila_Health_Complex,Moderna,BATCH_MOD_7704,337,2024-08-29,Breakage,Staff_13,False,3901.26
512efc2c,HUB_019,Jessore District_Center 19,District_Center,Covishield,BATCH_MOD_8750,339,2024-08-17,Flood_Damage,Staff_50,False,3786.0
980ea429,HUB_001,Chittagong Upazila_Health_Complex 1,Upazila_Health_Complex,Pfizer,BATCH_SIN_6685,109,2024-10-25,Expired,Staff_6,True,377.06
48ff1832,HUB_027,Noakhali District_Center 27,District_Center,Pfizer,BATCH_MOD_6920,490,2024-10-29,Breakage,Staff_64,True,2789.6
719c16db,HUB_008,Thakurgaon Division_Hub 8,Division_Hub,Moderna,BATCH_MOD_4340,48,2024-08-23,Breakage,Staff_19,False,3214.23
30368e78,HUB_003,Sylhet District_Center 3,District_Center,Sinopharm,BATCH_COV_7688,327,2024-10-26,Contamination,Staff_57,True,266.26
d1ef19c0,HUB_015,Sunamganj Upazila_Health_Complex 15,Upazila_Health_Complex,Pfizer,BATCH_PFI_6025,234,2024-10-29,Load_Shedding,Staff_32,False,818.07
92050053,HUB_024,Feni Upazila_Health_Complex 24,Upazila_Health_Complex,Pfizer,BATCH_MOD_6274,316,2024-08-14,Open_Vial_Wastage,Staff_68,True,1192.86
ad2f5f03,HUB_022,Narayanganj Division_Hub 22,Division_Hub,Moderna,BATCH_COV_1318,161,2024-09-20,Open_Vial_Wastage,Staff_41,False,707.41
637adb86,HUB_023,Noakhali Division_Hub 23,Division_Hub,Sinopharm,BATCH_SIN_1639,40,2024-10-30,Expired,Staff_77,True,2305.24
d91848ec,HUB_014,Bogra Community_Clinic 14,Community_Clinic,Covishield,BATCH_MOD_6152,213,2024-09-04,Open_Vial_Wastage,Staff_86,False,1600.82
0f6b4128,HUB_009,Kushtia Upazila_Health_Complex 9,Upazila_Health_Complex,Moderna,BATCH_SIN_1525,168,2024-09-12,Flood_Damage,Staff_64,False,4894.0
949bfc97,HUB_020,Dhaka District_Center 20,District_Center,Pfizer,BATCH_PFI_8684,91,2024-09-30,Flood_Damage,Staff_89,False,2832.47
1135b7ce,HUB_027,Noakhali District_Center 27,District_Center,Moderna,BATCH_COV_6054,233,2024-09-18,Open_Vial_Wastage,Staff_34,True,4035.26
6f73b5f0,HUB_021,Thakurgaon Community_Clinic 21,Community_Clinic,Moderna,BATCH_PFI_4072,147,2024-09-05,Breakage,Staff_14,True,663.06
2e2dfe3b,HUB_025,Tangail Division_Hub 25,Division_Hub,Pfizer,BATCH_COV_6233,226,2024-08-05,Load_Shedding,Staff_58,False,258.03
edb503a6,HUB_024,Feni Upazila_Health_Complex 24,Upazila_Health_Complex,Sinopharm,BATCH_COV_7904,55,2024-10-29,Contamination,Staff_4,True,2869.91
70d823ba,HUB_008,Thakurgaon Division_Hub 8,Division_Hub,Covishield,BATCH_SIN_5388,365,2024-09-27,Contamination,Staff_90,False,822.51
3a1b05b7,HUB_019,Jessore District_Center 19,District_Center,Sinopharm,BATCH_SIN_1223,385,2024-10-11,Load_Shedding,Staff_85,False,1455.2
a5b30d89,HUB_020,Dhaka District_Center 20,District_Center,Covishield,BATCH_PFI_3477,115,2024-10-23,Breakage,Staff_82,True,1194.91
8bcaf94d,HUB_027,Noakhali District_Center 27,District_Center,Pfizer,BATCH_PFI_3651,261,2024-09-30,Flood_Damage,Staff_61,True,4806.12
4a7a630e,HUB_008,Thakurgaon Division_Hub 8,Division_Hub,Covishield,BATCH_COV_4174,196,2024-09-02,Load_Shedding,Staff_12,True,1200.34
e1d75c8a,HUB_027,Noakhali District_Center 27,District_Center,Pfizer,BATCH_PFI_6562,456,2024-10-25,Load_Shedding,Staff_56,True,3458.93
50e5121e,HUB_022,Narayanganj Division_Hub 22,Division_Hub,Moderna,BATCH_SIN_9229,174,2024-09-05,Breakage,Staff_33,True,2847.3
3607d844,HUB_017,Jamalpur District_Center 17,District_Center,Pfizer,BATCH_SIN_9189,217,2024-08-31,Breakage,Staff_72,True,4432.06
311b3832,HUB_001,Chittagong Upazila_Health_Complex 1,Upazila_Health_Complex,Covishield,BATCH_MOD_8843,339,2024-08-18,Load_Shedding,Staff_99,False,2812.52
8dbaaf82,HUB_016,Khulna Division_Hub 16,Division_Hub,Moderna,BATCH_COV_3505,30,2024-09-13,Expired,Staff_23,False,3623.96
d3cf4ede,HUB_024,Feni Upazila_Health_Complex 24,Upazila_Health_Complex,Pfizer,BATCH_COV_2339,255,2024-10-25,Breakage,Staff_86,True,2029.32
05966d7d,HUB_014,Bogra Community_Clinic 14,Community_Clinic,Pfizer,BATCH_SIN_6682,23,2024-09-27,Breakage,Staff_18,True,4910.69
ebef59c5,HUB_026,Natore Upazila_Health_Complex 26,Upazila_Health_Complex,Sinopharm,BATCH_MOD_1125,392,2024-10-25,Flood_Damage,Staff_4,False,705.01
289452f3,HUB_014,Bogra Community_Clinic 14,Community_Clinic,Pfizer,BATCH_COV_1406,205,2024-08-28,Expired,Staff_66,False,2534.45
f2e3e2a5,HUB_027,Noakhali District_Center 27,District_Center,Moderna,BATCH_PFI_7917,369,2024-09-06,Contamination,Staff_10,False,4663.18
d20282c5,HUB_027,Noakhali District_Center 27,District_Center,Pfizer,BATCH_SIN_5324,365,2024-08-08,Flood_Damage,Staff_79,True,261.64
8a5d59b4,HUB_028,Dhaka Community_Clinic 28,Community_Clinic,Moderna,BATCH_PFI_6215,88,2024-10-19,Open_Vial_Wastage,Staff_35,True,1835.7
f2515465,HUB_006,Sunamganj Upazila_Health_Complex 6,Upazila_Health_Complex,Sinopharm,BATCH_SIN_1594,108,2024-10-20,Load_Shedding,Staff_91,True,3426.18
b265bfff,HUB_018,Thakurgaon Community_Clinic 18,Community_Clinic,Covishield,BATCH_COV_9747,241,2024-08-06,Load_Shedding,Staff_26,True,461.65
8b7388bb,HUB_011,Dhaka Upazila_Health_Complex 11,Upazila_Health_Complex,Covishield,BATCH_SIN_8891,109,2024-09-24,Load_Shedding,Staff_35,False,1290.87
96fec093,HUB_020,Dhaka District_Center 20,District_Center,Moderna,BATCH_SIN_5500,128,2024-09-22,Flood_Damage,Staff_38,False,254.58
59fc0827,HUB_002,Dhaka District_Center 2,District_Center,Moderna,BATCH_SIN_3771,325,2024-10-05,Load_Shedding,Staff_45,False,3583.1
7c1363be,HUB_021,Thakurgaon Community_Clinic 21,Community_Clinic,Pfizer,BATCH_SIN_4898,326,2024-08-21,Breakage,Staff_42,False,1150.35
12f45d8d,HUB_014,Bogra Community_Clinic 14,Community_Clinic,Covishield,BATCH_SIN_1543,498,2024-10-27,Open_Vial_Wastage,Staff_36,False,4802.39
6cc5ae0d,HUB_026,Natore Upazila_Health_Complex 26,Upazila_Health_Complex,Moderna,BATCH_MOD_9570,81,2024-10-24,Load_Shedding,Staff_71,True,2058.67
d9c5fa0a,HUB_008,Thakurgaon Division_Hub 8,Division_Hub,Pfizer,BATCH_PFI_9307,132,2024-10-17,Open_Vial_Wastage,Staff_13,False,4490.64
cc3e8176,HUB_028,Dhaka Community_Clinic 28,Community_Clinic,Covishield,BATCH_PFI_1072,350,2024-10-14,Breakage,Staff_22,False,568.6
f51e9a73,HUB_022,Narayanganj Division_Hub 22,Division_Hub,Covishield,BATCH_MOD_4038,29,2024-10-19,Flood_Damage,Staff_72,False,1574.98
670dd6fb,HUB_024,Feni Upazila_Health_Complex 24,Upazila_Health_Complex,Pfizer,BATCH_SIN_8974,333,2024-08-05,Contamination,Staff_59,True,1729.39
997635ec,HUB_015,Sunamganj Upazila_Health_Complex 15,Upazila_Health_Complex,Pfizer,BATCH_MOD_2817,334,2024-09-14,Expired,Staff_34,False,2242.64
d061072b,HUB_007,Jessore Community_Clinic 7,Community_Clinic,Sinopharm,BATCH_COV_6147,492,2024-10-09,Expired,Staff_57,True,1272.93
ae8d8939,HUB_003,Sylhet District_Center 3,District_Center,Sinopharm,BATCH_PFI_4309,273,2024-08-22,Contamination,Staff_8,False,4082.39
32df5fbd,HUB_009,Kushtia Upazila_Health_Complex 9,Upazila_Health_Complex,Covishield,BATCH_MOD_5592,185,2024-08-06,Flood_Damage,Staff_44,True,3771.14
7664bccc,HUB_029,Nilphamari Division_Hub 29,Division_Hub,Covishield,BATCH_SIN_2741,209,2024-08-28,Contamination,Staff_16,False,2648.64
47daa839,HUB_014,Bogra Community_Clinic 14,Community_Clinic,Sinopharm,BATCH_MOD_4214,322,2024-09-13,Load_Shedding,Staff_100,False,4293.95
e1918f7a,HUB_025,Tangail Division_Hub 25,Division_Hub,Sinopharm,BATCH_PFI_3596,215,2024-10-08,Flood_Damage,Staff_48,True,2037.7
6a7e1a62,HUB_028,Dhaka Community_Clinic 28,Community_Clinic,Pfizer,BATCH_COV_9874,208,2024-10-09,Expired,Staff_35,False,3290.46
c498d4d4,HUB_016,Khulna Division_Hub 16,Division_Hub,Covishield,BATCH_PFI_8365,382,2024-08-26,Load_Shedding,Staff_61,True,1009.88
af2d308a,HUB_027,Noakhali District_Center 27,District_Center,Pfizer,BATCH_MOD_6403,77,2024-10-07,Expired,Staff_7,True,1158.26
d05d31e7,HUB_030,Habiganj Division_Hub 30,Division_Hub,Moderna,BATCH_MOD_5324,250,2024-10-24,Flood_Damage,Staff_26,True,2157.18
c2c7b3e3,HUB_027,Noakhali District_Center 27,District_Center,Covishield,BATCH_PFI_3551,158,2024-08-28,Contamination,Staff_90,False,1169.48
c3bbd4d8,HUB_003,Sylhet District_Center 3,District_Center,Moderna,BATCH_SIN_3063,265,2024-08-16,Open_Vial_Wastage,Staff_3,False,4822.74
d29b9bf9,HUB_022,Narayanganj Division_Hub 22,Division_Hub,Pfizer,BATCH_COV_9762,129,2024-10-15,Open_Vial_Wastage,Staff_34,False,2318.97
121674dd,HUB_022,Narayanganj Division_Hub 22,Division_Hub,Pfizer,BATCH_COV_9926,172,2024-08-07,Expired,Staff_48,True,2870.25
b9c0d0f9,HUB_008,Thakurgaon Division_Hub 8,Division_Hub,Sinopharm,BATCH_SIN_6096,185,2024-08-14,Expired,Staff_19,True,2160.96
7ab8b774,HUB_004,Comilla Upazila_Health_Complex 4,Upazila_Health_Complex,Covishield,BATCH_PFI_5457,479,2024-08-02,Open_Vial_Wastage,Staff_23,False,2477.8
06492713,HUB_020,Dhaka District_Center 20,District_Center,Sinopharm,BATCH_SIN_5118,297,2024-09-13,Flood_Damage,Staff_89,True,2132.93
3515cf88,HUB_014,Bogra Community_Clinic 14,Community_Clinic,Moderna,BATCH_COV_4819,450,2024-09-25,Flood_Damage,Staff_41,True,1290.86
9a0986d0,HUB_020,Dhaka District_Center 20,District_Center,Pfizer,BATCH_MOD_7258,463,2024-08-07,Expired,Staff_94,False,1009.24
ae632d75,HUB_004,Comilla Upazila_Health_Complex 4,Upazila_Health_Complex,Covishield,BATCH_PFI_2849,18,2024-10-22,Breakage,Staff_40,True,2515.74
0b213094,HUB_011,Dhaka Upazila_Health_Complex 11,Upazila_Health_Complex,Sinopharm,BATCH_COV_4469,295,2024-10-21,Load_Shedding,Staff_91,False,1866.05
bf533056,HUB_016,Khulna Division_Hub 16,Division_Hub,Sinopharm,BATCH_MOD_7248,364,2024-10-06,Flood_Damage,Staff_92,True,3521.25
9752ca90,HUB_011,Dhaka Upazila_Health_Complex 11,Upazila_Health_Complex,Moderna,BATCH_MOD_7409,31,2024-09-24,Flood_Damage,Staff_42,False,236.41
954bdb5c,HUB_024,Feni Upazila_Health_Complex 24,Upazila_Health_Complex,Moderna,BATCH_MOD_6022,150,2024-08-12,Contamination,Staff_64,False,2426.92
8c10e197,HUB_006,Sunamganj Upazila_Health_Complex 6,Upazila_Health_Complex,Covishield,BATCH_MOD_6872,112,2024-08-24,Breakage,Staff_38,False,4274.45
cf3c45df,HUB_012,Comilla District_Center 12,District_Center,Sinopharm,BATCH_COV_2089,253,2024-09-07,Load_Shedding,Staff_13,False,1676.11
45f7a4e0,HUB_030,Habiganj Division_Hub 30,Division_Hub,Pfizer,BATCH_MOD_8508,60,2024-08-08,Contamination,Staff_34,False,3116.93
811fd1f4,HUB_030,Habiganj Division_Hub 30,Division_Hub,Sinopharm,BATCH_COV_4486,389,2024-09-16,Load_Shedding,Staff_5,False,1889.54
93c73ada,HUB_021,Thakurgaon Community_Clinic 21,Community_Clinic,Moderna,BATCH_SIN_3480,327,2024-10-17,Breakage,Staff_91,False,1570.71
78873c32,HUB_002,Dhaka District_Center 2,District_Center,Moderna,BATCH_PFI_1899,31,2024-08-27,Open_Vial_Wastage,Staff_44,False,1136.2
78913aaf,HUB_020,Dhaka District_Center 20,District_Center,Pfizer,BATCH_COV_6136,272,2024-08-21,Breakage,Staff_63,False,2328.09
cb5e3c30,HUB_006,Sunamganj Upazila_Health_Complex 6,Upazila_Health_Complex,Sinopharm,BATCH_MOD_5339,432,2024-09-22,Flood_Damage,Staff_98,True,396.0
70be2853,HUB_003,Sylhet District_Center 3,District_Center,Pfizer,BATCH_SIN_1759,334,2024-10-14,Open_Vial_Wastage,Staff_4,False,4921.9
c404c01b,HUB_008,Thakurgaon Division_Hub 8,Division_Hub,Moderna,BATCH_MOD_1392,299,2024-09-20,Contamination,Staff_39,True,495.13
8f5f8302,HUB_011,Dhaka Upazila_Health_Complex 11,Upazila_Health_Complex,Sinopharm,BATCH_MOD_3049,460,2024-10-10,Expired,Staff_55,True,1069.47
8afedca3,HUB_025,Tangail Division_Hub 25,Division_Hub,Sinopharm,BATCH_MOD_3774,384,2024-09-15,Load_Shedding,Staff_77,True,2362.76
b83d38d4,HUB_023,Noakhali Division_Hub 23,Division_Hub,Covishield,BATCH_COV_1125,28,2024-09-18,Expired,Staff_91,False,4406.2
7917b9d0,HUB_011,Dhaka Upazila_Health_Complex 11,Upazila_Health_Complex,Moderna,BATCH_COV_9134,435,2024-09-12,Open_Vial_Wastage,Staff_29,True,4935.87
b617e03d,HUB_009,Kushtia Upazila_Health_Complex 9,Upazila_Health_Complex,Pfizer,BATCH_MOD_3539,356,2024-09-05,Flood_Damage,Staff_42,False,277.44
b2b34612,HUB_026,Natore Upazila_Health_Complex 26,Upazila_Health_Complex,Covishield,BATCH_COV_9700,60,2024-08-03,Breakage,Staff_7,True,1961.68
a8db4a1c,HUB_015,Sunamganj Upazila_Health_Complex 15,Upazila_Health_Complex,Covishield,BATCH_SIN_6063,329,2024-09-22,Contamination,Staff_62,True,3560.97
79017d62,HUB_007,Jessore Community_Clinic 7,Community_Clinic,Pfizer,BATCH_SIN_4358,475,2024-10-06,Breakage,Staff_99,False,1947.99
183152bb,HUB_029,Nilphamari Division_Hub 29,Division_Hub,Pfizer,BATCH_SIN_4314,439,2024-08-03,Contamination,Staff_38,True,1790.19
03e6b922,HUB_007,Jessore Community_Clinic 7,Community_Clinic,Moderna,BATCH_SIN_1424,422,2024-09-24,Open_Vial_Wastage,Staff_64,True,368.69
ea36bfcf,HUB_019,Jessore District_Center 19,District_Center,Covishield,BATCH_SIN_1898,443,2024-08-20,Open_Vial_Wastage,Staff_68,True,428.57
bbf1b45f,HUB_025,Tangail Division_Hub 25,Division_Hub,Sinopharm,BATCH_MOD_7776,132,2024-08-17,Breakage,Staff_91,True,3773.96
cd160c94,HUB_017,Jamalpur District_Center 17,District_Center,Moderna,BATCH_MOD_3334,29,2024-10-11,Breakage,Staff_20,False,594.84
7dd4f88b,HUB_008,Thakurgaon Division_Hub 8,Division_Hub,Pfizer,BATCH_MOD_3533,43,2024-08-21,Breakage,Staff_68,True,3680.09
42c16485,HUB_009,Kushtia Upazila_Health_Complex 9,Upazila_Health_Complex,Moderna,BATCH_SIN_6895,94,2024-09-01,Breakage,Staff_57,False,2447.58
ba830863,HUB_002,Dhaka District_Center 2,District_Center,Moderna,BATCH_COV_2751,124,2024-08-10,Flood_Damage,Staff_28,False,1458.57
2cfa9fee,HUB_024,Feni Upazila_Health_Complex 24,Upazila_Health_Complex,Covishield,BATCH_COV_8385,335,2024-10-29,Flood_Damage,Staff_40,False,1946.88
00da8e89,HUB_017,Jamalpur District_Center 17,District_Center,Pfizer,BATCH_COV_7695,19,2024-09-04,Expired,Staff_4,True,1320.21
3debc04d,HUB_021,Thakurgaon Community_Clinic 21,Community_Clinic,Pfizer,BATCH_PFI_6104,258,2024-10-04,Open_Vial_Wastage,Staff_48,False,4627.89
3c022b02,HUB_026,Natore Upazila_Health_Complex 26,Upazila_Health_Complex,Moderna,BATCH_SIN_2909,122,2024-08-14,Open_Vial_Wastage,Staff_60,False,428.71
1e2aee8b,HUB_003,Sylhet District_Center 3,District_Center,Moderna,BATCH_MOD_7367,209,2024-08-15,Open_Vial_Wastage,Staff_89,False,816.11
a96b13eb,HUB_028,Dhaka Community_Clinic 28,Community_Clinic,Moderna,BATCH_SIN_4268,30,2024-08-19,Flood_Damage,Staff_90,False,4385.02
1496336c,HUB_009,Kushtia Upazila_Health_Complex 9,Upazila_Health_Complex,Moderna,BATCH_COV_2897,442,2024-10-28,Expired,Staff_36,False,991.14
40d8ccbd,HUB_018,Thakurgaon Community_Clinic 18,Community_Clinic,Covishield,BATCH_COV_7634,247,2024-10-27,Load_Shedding,Staff_86,True,640.95
2feb12bc,HUB_015,Sunamganj Upazila_Health_Complex 15,Upazila_Health_Complex,Pfizer,BATCH_PFI_4886,440,2024-09-06,Breakage,Staff_38,True,1248.85
100115d9,HUB_019,Jessore District_Center 19,District_Center,Covishield,BATCH_PFI_9542,399,2024-08-15,Breakage,Staff_71,True,1703.14
e849af31,HUB_029,Nilphamari Division_Hub 29,Division_Hub,Covishield,BATCH_SIN_7632,302,2024-08-01,Flood_Damage,Staff_87,True,4949.58
8b6dba31,HUB_020,Dhaka District_Center 20,District_Center,Sinopharm,BATCH_SIN_5209,314,2024-09-04,Flood_Damage,Staff_11,True,4059.19
b7c143a4,HUB_014,Bogra Community_Clinic 14,Community_Clinic,Sinopharm,BATCH_SIN_7453,299,2024-10-15,Contamination,Staff_80,True,1131.25
30aa530c,HUB_023,Noakhali Division_Hub 23,Division_Hub,Sinopharm,BATCH_PFI_9759,235,2024-08-22,Load_Shedding,Staff_94,True,2267.2
0cf2390f,HUB_030,Habiganj Division_Hub 30,Division_Hub,Covishield,BATCH_SIN_1916,246,2024-10-20,Flood_Damage,Staff_23,True,1264.65
290a73cb,HUB_027,Noakhali District_Center 27,District_Center,Moderna,BATCH_COV_6337,192,2024-10-20,Expired,Staff_71,False,4384.64
6f840964,HUB_011,Dhaka Upazila_Health_Complex 11,Upazila_Health_Complex,Pfizer,BATCH_MOD_2533,355,2024-10-18,Breakage,Staff_81,True,1902.18
21b909df,HUB_030,Habiganj Division_Hub 30,Division_Hub,Pfizer,BATCH_SIN_2703,341,2024-09-04,Breakage,Staff_36,True,440.86
97add1db,HUB_030,Habiganj Division_Hub 30,Division_Hub,Pfizer,BATCH_SIN_6922,253,2024-10-15,Flood_Damage,Staff_1,True,3373.34
d447921f,HUB_014,Bogra Community_Clinic 14,Community_Clinic,Covishield,BATCH_SIN_7387,436,2024-08-25,Flood_Damage,Staff_84,True,3266.74
29b6dce3,HUB_008,Thakurgaon Division_Hub 8,Division_Hub,Covishield,BATCH_SIN_3825,122,2024-10-25,Expired,Staff_70,False,2228.43
166ff83c,HUB_013,Dhaka Upazila_Health_Complex 13,Upazila_Health_Complex,Sinopharm,BATCH_COV_8707,336,2024-08-10,Expired,Staff_2,True,2123.43
dfb64bd5,HUB_001,Chittagong Upazila_Health_Complex 1,Upazila_Health_Complex,Covishield,BATCH_SIN_8973,15,2024-09-04,Open_Vial_Wastage,Staff_20,False,286.41
86ab6ad8,HUB_022,Narayanganj Division_Hub 22,Division_Hub,Moderna,BATCH_PFI_9462,68,2024-09-14,Flood_Damage,Staff_86,True,1159.45
73d54e86,HUB_006,Sunamganj Upazila_Health_Complex 6,Upazila_Health_Complex,Moderna,BATCH_COV_5396,390,2024-10-04,Load_Shedding,Staff_79,True,3442.7
58e1144d,HUB_001,Chittagong Upazila_Health_Complex 1,Upazila_Health_Complex,Covishield,BATCH_COV_7819,113,2024-09-15,Flood_Damage,Staff_28,False,489.4
01952ac7,HUB_015,Sunamganj Upazila_Health_Complex 15,Upazila_Health_Complex,Moderna,BATCH_SIN_3385,497,2024-09-25,Expired,Staff_22,False,4392.25
c699f12a,HUB_030,Habiganj Division_Hub 30,Division_Hub,Moderna,BATCH_SIN_3128,342,2024-10-19,Load_Shedding,Staff_26,True,3313.54
42b35ae1,HUB_022,Narayanganj Division_Hub 22,Division_Hub,Moderna,BATCH_COV_9254,285,2024-10-19,Open_Vial_Wastage,Staff_7,False,3680.69
f512c24b,HUB_026,Natore Upazila_Health_Complex 26,Upazila_Health_Complex,Pfizer,BATCH_PFI_3856,59,2024-09-22,Load_Shedding,Staff_76,True,853.05
800961a6,HUB_025,Tangail Division_Hub 25,Division_Hub,Covishield,BATCH_SIN_6997,269,2024-10-22,Open_Vial_Wastage,Staff_50,True,4296.97
76635f0f,HUB_016,Khulna Division_Hub 16,Division_Hub,Pfizer,BATCH_SIN_6443,459,2024-09-30,Breakage,Staff_11,True,4817.15
9c5f9744,HUB_011,Dhaka Upazila_Health_Complex 11,Upazila_Health_Complex,Sinopharm,BATCH_COV_1399,78,2024-10-26,Flood_Damage,Staff_1,True,2467.0
52724687,HUB_005,Pirojpur District_Center 5,District_Center,Moderna,BATCH_SIN_9553,478,2024-09-13,Load_Shedding,Staff_96,True,2063.34
9017fb26,HUB_008,Thakurgaon Division_Hub 8,Division_Hub,Sinopharm,BATCH_SIN_7068,462,2024-10-08,Load_Shedding,Staff_27,False,1113.43
546652ed,HUB_019,Jessore District_Center 19,District_Center,Moderna,BATCH_PFI_2830,79,2024-10-24,Load_Shedding,Staff_8,False,4996.5
fec2407f,HUB_027,Noakhali District_Center 27,District_Center,Moderna,BATCH_MOD_3765,157,2024-09-10,Contamination,Staff_79,False,2338.94
eb4f5e91,HUB_010,Dhaka District_Center 10,District_Center,Pfizer,BATCH_COV_4817,392,2024-08-21,Expired,Staff_11,True,1758.51
97fe3302,HUB_015,Sunamganj Upazila_Health_Complex 15,Upazila_Health_Complex,Pfizer,BATCH_SIN_8179,489,2024-09-07,Contamination,Staff_100,True,4302.55
e2c35c6a,HUB_007,Jessore Community_Clinic 7,Community_Clinic,Covishield,BATCH_PFI_9572,324,2024-09-28,Open_Vial_Wastage,Staff_96,True,2239.35
d39bf00f,HUB_028,Dhaka Community_Clinic 28,Community_Clinic,Moderna,BATCH_PFI_7429,364,2024-09-20,Contamination,Staff_5,False,2397.16
4c31c234,HUB_026,Natore Upazila_Health_Complex 26,Upazila_Health_Complex,Covishield,BATCH_COV_1926,31,2024-10-20,Contamination,Staff_75,False,4949.32
2ebec99b,HUB_003,Sylhet District_Center 3,District_Center,Pfizer,BATCH_COV_9289,49,2024-10-24,Expired,Staff_31,False,2939.43
13250c7d,HUB_010,Dhaka District_Center 10,District_Center,Sinopharm,BATCH_PFI_6134,447,2024-09-16,Flood_Damage,Staff_98,False,2369.03
7a7d92c7,HUB_010,Dhaka District_Center 10,District_Center,Covishield,BATCH_MOD_4561,349,2024-09-11,Flood_Damage,Staff_91,False,1197.16
4fba42db,HUB_012,Comilla District_Center 12,District_Center,Sinopharm,BATCH_SIN_2935,487,2024-09-14,Contamination,Staff_85,False,867.33
4decb710,HUB_026,Natore Upazila_Health_Complex 26,Upazila_Health_Complex,Pfizer,BATCH_COV_3270,262,2024-08-05,Load_Shedding,Staff_4,False,2864.54
7a3eacf4,HUB_020,Dhaka District_Center 20,District_Center,Sinopharm,BATCH_PFI_1063,84,2024-10-24,Contamination,Staff_1,True,3455.38
7b69dd63,HUB_029,Nilphamari Division_Hub 29,Division_Hub,Covishield,BATCH_SIN_4513,65,2024-09-09,Open_Vial_Wastage,Staff_46,True,507.29
9bceb129,HUB_018,Thakurgaon Community_Clinic 18,Community_Clinic,Moderna,BATCH_MOD_6840,354,2024-10-09,Load_Shedding,Staff_99,False,1460.7
2acd3ba7,HUB_021,Thakurgaon Community_Clinic 21,Community_Clinic,Moderna,BATCH_PFI_1016,266,2024-10-08,Contamination,Staff_60,False,1437.23
5c556cdd,HUB_010,Dhaka District_Center 10,District_Center,Covishield,BATCH_SIN_3879,295,2024-09-21,Expired,Staff_95,False,660.98
f6a64819,HUB_021,Thakurgaon Community_Clinic 21,Community_Clinic,Sinopharm,BATCH_SIN_8608,256,2024-08-10,Load_Shedding,Staff_72,True,134.65
858ce456,HUB_004,Comilla Upazila_Health_Complex 4,Upazila_Health_Complex,Moderna,BATCH_SIN_4423,174,2024-08-26,Contamination,Staff_68,True,4200.2
13d4c5f0,HUB_008,Thakurgaon Division_Hub 8,Division_Hub,Pfizer,BATCH_PFI_4942,49,2024-10-21,Load_Shedding,Staff_56,True,3351.12
6f9ee1b1,HUB_012,Comilla District_Center 12,District_Center,Covishield,BATCH_COV_9438,105,2024-09-01,Expired,Staff_73,True,4377.98
dae0ea52,HUB_019,Jessore District_Center 19,District_Center,Moderna,BATCH_SIN_4694,256,2024-08-28,Flood_Damage,Staff_69,True,2666.31
1313e5dc,HUB_012,Comilla District_Center 12,District_Center,Covishield,BATCH_MOD_8927,377,2024-08-13,Expired,Staff_95,False,4963.63
9fcc4012,HUB_013,Dhaka Upazila_Health_Complex 13,Upazila_Health_Complex,Covishield,BATCH_MOD_8123,255,2024-08-06,Load_Shedding,Staff_64,True,2237.74
70c2daef,HUB_028,Dhaka Community_Clinic 28,Community_Clinic,Pfizer,BATCH_COV_5698,450,2024-09-27,Contamination,Staff_78,False,3559.25
3a6cde86,HUB_029,Nilphamari Division_Hub 29,Division_Hub,Moderna,BATCH_COV_2611,300,2024-09-15,Open_Vial_Wastage,Staff_42,False,1491.77
67917b35,HUB_025,Tangail Division_Hub 25,Division_Hub,Moderna,BATCH_MOD_7409,454,2024-09-03,Load_Shedding,Staff_52,True,2346.18
b4f4ab6d,HUB_026,Natore Upazila_Health_Complex 26,Upazila_Health_Complex,Moderna,BATCH_SIN_7826,113,2024-10-10,Load_Shedding,Staff_95,False,2565.48
bbca5caf,HUB_021,Thakurgaon Community_Clinic 21,Community_Clinic,Moderna,BATCH_SIN_5616,65,2024-09-29,Expired,Staff_28,False,3616.09
b284d09e,HUB_001,Chittagong Upazila_Health_Complex 1,Upazila_Health_Complex,Moderna,BATCH_MOD_2376,59,2024-08-16,Flood_Damage,Staff_30,True,2244.37
522fa203,HUB_023,Noakhali Division_Hub 23,Division_Hub,Moderna,BATCH_COV_5948,309,2024-08-28,Breakage,Staff_31,True,2173.22
cea2fad3,HUB_014,Bogra Community_Clinic 14,Community_Clinic,Sinopharm,BATCH_SIN_2908,401,2024-09-28,Breakage,Staff_66,True,3364.23
68778de0,HUB_010,Dhaka District_Center 10,District_Center,Pfizer,BATCH_SIN_7332,333,2024-10-16,Load_Shedding,Staff_73,True,735.84
7a394df7,HUB_029,Nilphamari Division_Hub 29,Division_Hub,Covishield,BATCH_MOD_2875,308,2024-08-19,Flood_Damage,Staff_32,False,3985.9
a2a49230,HUB_010,Dhaka District_Center 10,District_Center,Covishield,BATCH_COV_5022,99,2024-09-11,Contamination,Staff_64,False,2200.72
68d5285e,HUB_001,Chittagong Upazila_Health_Complex 1,Upazila_Health_Complex,Moderna,BATCH_COV_6024,466,2024-08-10,Flood_Damage,Staff_8,False,3756.1
cdbc0da7,HUB_007,Jessore Community_Clinic 7,Community_Clinic,Pfizer,BATCH_PFI_5167,340,2024-09-18,Open_Vial_Wastage,Staff_53,True,1422.08
e878cd71,HUB_002,Dhaka District_Center 2,District_Center,Sinopharm,BATCH_MOD_3677,418,2024-08-06,Contamination,Staff_99,False,951.25
e8410d05,HUB_003,Sylhet District_Center 3,District_Center,Sinopharm,BATCH_COV_4826,182,2024-09-01,Flood_Damage,Staff_33,False,1519.68
098d1888,HUB_004,Comilla Upazila_Health_Complex 4,Upazila_Health_Complex,Moderna,BATCH_MOD_3088,346,2024-08-24,Expired,Staff_27,True,2987.81
6213aa90,HUB_026,Natore Upazila_Health_Complex 26,Upazila_Health_Complex,Moderna,BATCH_COV_5036,498,2024-09-26,Load_Shedding,Staff_66,False,1485.32
31a0db70,HUB_024,Feni Upazila_Health_Complex 24,Upazila_Health_Complex,Covishield,BATCH_SIN_4975,481,2024-08-11,Open_Vial_Wastage,Staff_50,True,1514.74
b8ff0b05,HUB_007,Jessore Community_Clinic 7,Community_Clinic,Pfizer,BATCH_PFI_2516,282,2024-09-17,Expired,Staff_91,False,2766.05
d4b0f566,HUB_011,Dhaka Upazila_Health_Complex 11,Upazila_Health_Complex,Pfizer,BATCH_MOD_1488,172,2024-10-15,Breakage,Staff_9,False,4996.53
87439bf3,HUB_016,Khulna Division_Hub 16,Division_Hub,Moderna,BATCH_SIN_6280,377,2024-09-03,Load_Shedding,Staff_2,False,3750.94
1b5ee74e,HUB_024,Feni Upazila_Health_Complex 24,Upazila_Health_Complex,Sinopharm,BATCH_COV_2467,342,2024-10-27,Contamination,Staff_45,True,3102.8
e11875ad,HUB_021,Thakurgaon Community_Clinic 21,Community_Clinic,Pfizer,BATCH_PFI_7121,323,2024-09-27,Contamination,Staff_77,True,2520.03
40052d13,HUB_012,Comilla District_Center 12,District_Center,Sinopharm,BATCH_SIN_2718,138,2024-09-13,Contamination,Staff_56,False,195.93
cbb44b72,HUB_027,Noakhali District_Center 27,District_Center,Sinopharm,BATCH_MOD_4467,384,2024-10-30,Flood_Damage,Staff_10,True,539.17
cf936cd7,HUB_018,Thakurgaon Community_Clinic 18,Community_Clinic,Covishield,BATCH_MOD_9821,441,2024-08-07,Expired,Staff_47,True,4031.54
db4c8415,HUB_025,Tangail Division_Hub 25,Division_Hub,Sinopharm,BATCH_SIN_1568,337,2024-08-31,Expired,Staff_61,True,238.97
8d8db0fd,HUB_021,Thakurgaon Community_Clinic 21,Community_Clinic,Covishield,BATCH_MOD_2058,17,2024-08-09,Breakage,Staff_7,False,941.95
43cece9f,HUB_024,Feni Upazila_Health_Complex 24,Upazila_Health_Complex,Sinopharm,BATCH_PFI_9131,44,2024-08-14,Load_Shedding,Staff_50,True,2790.34
14d589a4,HUB_016,Khulna Division_Hub 16,Division_Hub,Covishield,BATCH_MOD_1153,374,2024-09-16,Breakage,Staff_86,False,1908.55
a04bc8cc,HUB_018,Thakurgaon Community_Clinic 18,Community_Clinic,Sinopharm,BATCH_PFI_7122,174,2024-09-16,Flood_Damage,Staff_88,True,4648.86
fd7a63c0,HUB_003,Sylhet District_Center 3,District_Center,Sinopharm,BATCH_SIN_8730,101,2024-09-16,Expired,Staff_32,False,1507.67
0ad3b071,HUB_014,Bogra Community_Clinic 14,Community_Clinic,Sinopharm,BATCH_MOD_9693,50,2024-10-28,Breakage,Staff_69,True,4651.32
82674b57,HUB_021,Thakurgaon Community_Clinic 21,Community_Clinic,Moderna,BATCH_PFI_9160,256,2024-08-04,Flood_Damage,Staff_15,True,4488.3
2f7b604d,HUB_003,Sylhet District_Center 3,District_Center,Pfizer,BATCH_MOD_7043,53,2024-08-16,Contamination,Staff_97,True,354.41
8a880052,HUB_001,Chittagong Upazila_Health_Complex 1,Upazila_Health_Complex,Covishield,BATCH_PFI_6162,336,2024-10-03,Breakage,Staff_57,False,1443.72
1f1f4b72,HUB_004,Comilla Upazila_Health_Complex 4,Upazila_Health_Complex,Covishield,BATCH_COV_5626,245,2024-10-03,Flood_Damage,Staff_32,False,2017.58
266d2aa6,HUB_024,Feni Upazila_Health_Complex 24,Upazila_Health_Complex,Moderna,BATCH_SIN_8322,186,2024-08-16,Flood_Damage,Staff_34,True,2780.2
e321ad9b,HUB_023,Noakhali Division_Hub 23,Division_Hub,Sinopharm,BATCH_COV_1359,289,2024-08-22,Open_Vial_Wastage,Staff_6,True,4283.56
3032a607,HUB_019,Jessore District_Center 19,District_Center,Pfizer,BATCH_MOD_5007,279,2024-09-29,Open_Vial_Wastage,Staff_96,False,3145.53
8a8fa543,HUB_008,Thakurgaon Division_Hub 8,Division_Hub,Sinopharm,BATCH_MOD_2124,315,2024-09-08,Load_Shedding,Staff_71,True,3147.05
3b2aa5f7,HUB_004,Comilla Upazila_Health_Complex 4,Upazila_Health_Complex,Moderna,BATCH_MOD_4677,346,2024-08-17,Contamination,Staff_53,True,2323.27
db8f875f,HUB_028,Dhaka Community_Clinic 28,Community_Clinic,Pfizer,BATCH_SIN_2740,143,2024-09-02,Load_Shedding,Staff_76,False,3767.62
33d8e14f,HUB_001,Chittagong Upazila_Health_Complex 1,Upazila_Health_Complex,Moderna,BATCH_MOD_6830,371,2024-09-21,Expired,Staff_30,True,4202.88
74d0c37e,HUB_028,Dhaka Community_Clinic 28,Community_Clinic,Pfizer,BATCH_SIN_7086,86,2024-10-14,Flood_Damage,Staff_94,False,2055.05
59287105,HUB_025,Tangail Division_Hub 25,Division_Hub,Sinopharm,BATCH_SIN_9260,182,2024-08-31,Expired,Staff_74,True,3007.42
be6d236e,HUB_030,Habiganj Division_Hub 30,Division_Hub,Moderna,BATCH_SIN_1016,187,2024-08-30,Breakage,Staff_27,True,4249.7
b6a02bfe,HUB_019,Jessore District_Center 19,District_Center,Pfizer,BATCH_PFI_3520,179,2024-08-14,Expired,Staff_35,True,689.49
82568871,HUB_011,Dhaka Upazila_Health_Complex 11,Upazila_Health_Complex,Covishield,BATCH_MOD_8518,415,2024-09-04,Breakage,Staff_78,False,4886.98
834e4ef5,HUB_009,Kushtia Upazila_Health_Complex 9,Upazila_Health_Complex,Sinopharm,BATCH_PFI_7695,226,2024-09-23,Contamination,Staff_1,False,4589.24
967854f7,HUB_027,Noakhali District_Center 27,District_Center,Pfizer,BATCH_MOD_3371,321,2024-10-13,Open_Vial_Wastage,Staff_70,True,4271.21
274b2b91,HUB_003,Sylhet District_Center 3,District_Center,Covishield,BATCH_PFI_4548,217,2024-10-13,Expired,Staff_14,False,3749.62
850cd845,HUB_012,Comilla District_Center 12,District_Center,Moderna,BATCH_MOD_8681,489,2024-10-06,Expired,Staff_79,False,4103.25
e210853d,HUB_013,Dhaka Upazila_Health_Complex 13,Upazila_Health_Complex,Moderna,BATCH_COV_7107,298,2024-09-17,Load_Shedding,Staff_21,False,2578.54
60776267,HUB_019,Jessore District_Center 19,District_Center,Moderna,BATCH_PFI_3713,158,2024-10-06,Flood_Damage,Staff_36,False,3445.92
9444ea0d,HUB_013,Dhaka Upazila_Health_Complex 13,Upazila_Health_Complex,Covishield,BATCH_SIN_5221,409,2024-10-01,Expired,Staff_39,False,3448.04
2efa069c,HUB_002,Dhaka District_Center 2,District_Center,Moderna,BATCH_COV_2672,36,2024-08-23,Flood_Damage,Staff_26,False,2791.16
a7732ba5,HUB_021,Thakurgaon Community_Clinic 21,Community_Clinic,Covishield,BATCH_SIN_6175,473,2024-09-10,Flood_Damage,Staff_58,True,613.78
3cf1f344,HUB_025,Tangail Division_Hub 25,Division_Hub,Moderna,BATCH_MOD_3592,213,2024-10-22,Breakage,Staff_92,False,4283.83
ec4edefa,HUB_026,Natore Upazila_Health_Complex 26,Upazila_Health_Complex,Pfizer,BATCH_MOD_9580,267,2024-08-17,Flood_Damage,Staff_69,True,1051.98
0fef3250,HUB_029,Nilphamari Division_Hub 29,Division_Hub,Pfizer,BATCH_SIN_2294,352,2024-09-06,Open_Vial_Wastage,Staff_31,False,2767.31
471edae0,HUB_010,Dhaka District_Center 10,District_Center,Sinopharm,BATCH_MOD_9931,72,2024-08-25,Flood_Damage,Staff_12,False,4412.87
bdb590d2,HUB_008,Thakurgaon Division_Hub 8,Division_Hub,Moderna,BATCH_MOD_9188,17,2024-09-12,Flood_Damage,Staff_78,True,4330.85
60758ec9,HUB_015,Sunamganj Upazila_Health_Complex 15,Upazila_Health_Complex,Moderna,BATCH_COV_7940,194,2024-10-02,Contamination,Staff_19,True,4106.7
e049f327,HUB_017,Jamalpur District_Center 17,District_Center,Covishield,BATCH_MOD_6696,39,2024-08-28,Flood_Damage,Staff_30,False,4022.36
89bb53d5,HUB_006,Sunamganj Upazila_Health_Complex 6,Upazila_Health_Complex,Covishield,BATCH_COV_6722,415,2024-08-24,Open_Vial_Wastage,Staff_5,True,3424.96
d65fa855,HUB_003,Sylhet District_Center 3,District_Center,Covishield,BATCH_MOD_6380,171,2024-10-10,Load_Shedding,Staff_77,False,3592.61
49b36cd3,HUB_029,Nilphamari Division_Hub 29,Division_Hub,Pfizer,BATCH_COV_2798,432,2024-09-05,Open_Vial_Wastage,Staff_62,False,2443.8
f1e72982,HUB_007,Jessore Community_Clinic 7,Community_Clinic,Pfizer,BATCH_MOD_2971,370,2024-10-28,Open_Vial_Wastage,Staff_2,True,2002.98
1be192e3,HUB_011,Dhaka Upazila_Health_Complex 11,Upazila_Health_Complex,Sinopharm,BATCH_COV_7550,236,2024-08-31,Contamination,Staff_44,True,4372.24
9823a066,HUB_030,Habiganj Division_Hub 30,Division_Hub,Moderna,BATCH_PFI_6055,135,2024-09-17,Open_Vial_Wastage,Staff_88,True,645.71
544acceb,HUB_023,Noakhali Division_Hub 23,Division_Hub,Pfizer,BATCH_SIN_6698,418,2024-10-05,Expired,Staff_74,True,4240.97
6af6ef7a,HUB_009,Kushtia Upazila_Health_Complex 9,Upazila_Health_Complex,Pfizer,BATCH_PFI_5757,372,2024-09-26,Open_Vial_Wastage,Staff_73,False,3804.86
bece8ce6,HUB_015,Sunamganj Upazila_Health_Complex 15,Upazila_Health_Complex,Sinopharm,BATCH_COV_3211,31,2024-09-28,Open_Vial_Wastage,Staff_2,True,3262.72
cb2882ba,HUB_012,Comilla District_Center 12,District_Center,Moderna,BATCH_SIN_7704,341,2024-08-31,Open_Vial_Wastage,Staff_94,False,3003.27
add94a8e,HUB_002,Dhaka District_Center 2,District_Center,Covishield,BATCH_SIN_4524,488,2024-09-25,Contamination,Staff_22,False,2442.1
0e4e4e2e,HUB_006,Sunamganj Upazila_Health_Complex 6,Upazila_Health_Complex,Covishield,BATCH_SIN_9772,390,2024-08-03,Flood_Damage,Staff_82,False,4227.99
765e1120,HUB_028,Dhaka Community_Clinic 28,Community_Clinic,Moderna,BATCH_COV_4421,455,2024-08-24,Breakage,Staff_16,False,4703.68
e389cd32,HUB_003,Sylhet District_Center 3,District_Center,Moderna,BATCH_COV_8392,465,2024-08-27,Load_Shedding,Staff_50,True,523.5
5b1903d1,HUB_020,Dhaka District_Center 20,District_Center,Covishield,BATCH_MOD_5292,361,2024-09-04,Load_Shedding,Staff_82,True,155.94
18b4327f,HUB_005,Pirojpur District_Center 5,District_Center,Covishield,BATCH_SIN_4452,291,2024-10-24,Open_Vial_Wastage,Staff_65,True,3469.91
c579f30c,HUB_009,Kushtia Upazila_Health_Complex 9,Upazila_Health_Complex,Covishield,BATCH_COV_8276,405,2024-10-09,Load_Shedding,Staff_13,False,4495.7
97e6166b,HUB_029,Nilphamari Division_Hub 29,Division_Hub,Covishield,BATCH_COV_5473,178,2024-08-04,Contamination,Staff_20,True,2625.71
e35d07bb,HUB_012,Comilla District_Center 12,District_Center,Covishield,BATCH_COV_1203,464,2024-09-16,Contamination,Staff_76,True,3288.69
268a2fad,HUB_021,Thakurgaon Community_Clinic 21,Community_Clinic,Sinopharm,BATCH_SIN_7640,448,2024-09-21,Contamination,Staff_97,False,1430.25
95f1b5f2,HUB_006,Sunamganj Upazila_Health_Complex 6,Upazila_Health_Complex,Pfizer,BATCH_PFI_6721,413,2024-10-28,Contamination,Staff_10,False,2774.33
88c23cd6,HUB_017,Jamalpur District_Center 17,District_Center,Pfizer,BATCH_COV_9926,389,2024-10-16,Open_Vial_Wastage,Staff_91,False,4979.81
63be94f0,HUB_014,Bogra Community_Clinic 14,Community_Clinic,Pfizer,BATCH_SIN_9224,136,2024-09-05,Expired,Staff_85,True,318.5
3079b561,HUB_009,Kushtia Upazila_Health_Complex 9,Upazila_Health_Complex,Sinopharm,BATCH_COV_4566,474,2024-08-24,Breakage,Staff_78,True,2104.08
bdf19b69,HUB_003,Sylhet District_Center 3,District_Center,Covishield,BATCH_MOD_9308,318,2024-09-03,Flood_Damage,Staff_94,True,3400.74
0e3e527c,HUB_019,Jessore District_Center 19,District_Center,Pfizer,BATCH_PFI_1410,352,2024-10-14,Flood_Damage,Staff_64,False,430.5
19bbc543,HUB_005,Pirojpur District_Center 5,District_Center,Covishield,BATCH_PFI_4941,34,2024-08-13,Expired,Staff_8,False,1856.02
634fe6df,HUB_008,Thakurgaon Division_Hub 8,Division_Hub,Moderna,BATCH_PFI_7717,326,2024-09-12,Contamination,Staff_19,True,3971.01
ee13919c,HUB_024,Feni Upazila_Health_Complex 24,Upazila_Health_Complex,Pfizer,BATCH_COV_8941,292,2024-10-13,Expired,Staff_38,False,2785.09
216e52e2,HUB_021,Thakurgaon Community_Clinic 21,Community_Clinic,Sinopharm,BATCH_COV_1571,14,2024-08-04,Flood_Damage,Staff_49,True,3596.17
c39809e0,HUB_008,Thakurgaon Division_Hub 8,Division_Hub,Covishield,BATCH_COV_5660,252,2024-09-05,Breakage,Staff_93,False,984.67
730c2d3e,HUB_006,Sunamganj Upazila_Health_Complex 6,Upazila_Health_Complex,Sinopharm,BATCH_PFI_6937,183,2024-08-15,Load_Shedding,Staff_71,True,4840.25
e128ee6c,HUB_030,Habiganj Division_Hub 30,Division_Hub,Sinopharm,BATCH_SIN_4745,305,2024-08-16,Contamination,Staff_75,False,4147.77
997e2f1e,HUB_018,Thakurgaon Community_Clinic 18,Community_Clinic,Sinopharm,BATCH_COV_8119,365,2024-09-30,Load_Shedding,Staff_31,False,3549.0
99ae0d61,HUB_004,Comilla Upazila_Health_Complex 4,Upazila_Health_Complex,Sinopharm,BATCH_MOD_8862,122,2024-10-06,Breakage,Staff_65,True,180.4
894feb9b,HUB_021,Thakurgaon Community_Clinic 21,Community_Clinic,Pfizer,BATCH_COV_1178,298,2024-10-01,Breakage,Staff_10,True,4507.14
652aa721,HUB_019,Jessore District_Center 19,District_Center,Moderna,BATCH_PFI_6798,179,2024-08-25,Breakage,Staff_74,False,100.2
17fa45dd,HUB_007,Jessore Community_Clinic 7,Community_Clinic,Sinopharm,BATCH_SIN_8749,454,2024-08-03,Expired,Staff_84,False,4752.06
971ad6f4,HUB_028,Dhaka Community_Clinic 28,Community_Clinic,Sinopharm,BATCH_PFI_5471,306,2024-08-15,Breakage,Staff_60,True,1290.13
9f9c000b,HUB_028,Dhaka Community_Clinic 28,Community_Clinic,Pfizer,BATCH_SIN_7797,314,2024-09-11,Breakage,Staff_86,False,216.78
f7fd8a0e,HUB_022,Narayanganj Division_Hub 22,Division_Hub,Pfizer,BATCH_SIN_8663,337,2024-08-18,Load_Shedding,Staff_81,False,192.45
41d90475,HUB_025,Tangail Division_Hub 25,Division_Hub,Covishield,BATCH_COV_6190,293,2024-08-26,Load_Shedding,Staff_54,False,4980.45
21dca7b7,HUB_015,Sunamganj Upazila_Health_Complex 15,Upazila_Health_Complex,Sinopharm,BATCH_MOD_8539,104,2024-09-04,Flood_Damage,Staff_39,True,1108.22
6875e132,HUB_028,Dhaka Community_Clinic 28,Community_Clinic,Covishield,BATCH_MOD_2087,453,2024-10-18,Expired,Staff_11,False,3625.34
61dd4886,HUB_015,Sunamganj Upazila_Health_Complex 15,Upazila_Health_Complex,Covishield,BATCH_SIN_8533,491,2024-08-31,Contamination,Staff_8,False,832.92
b03e0b10,HUB_016,Khulna Division_Hub 16,Division_Hub,Sinopharm,BATCH_PFI_9486,68,2024-10-30,Breakage,Staff_79,False,4314.27
124f51e3,HUB_004,Comilla Upazila_Health_Complex 4,Upazila_Health_Complex,Covishield,BATCH_COV_5263,61,2024-10-11,Expired,Staff_42,True,4329.99
27df96ff,HUB_013,Dhaka Upazila_Health_Complex 13,Upazila_Health_Complex,Pfizer,BATCH_PFI_7764,301,2024-08-29,Open_Vial_Wastage,Staff_30,True,3493.64
553f3b03,HUB_015,Sunamganj Upazila_Health_Complex 15,Upazila_Health_Complex,Covishield,BATCH_SIN_8683,332,2024-08-01,Load_Shedding,Staff_56,False,1553.62
0987b8c2,HUB_030,Habiganj Division_Hub 30,Division_Hub,Covishield,BATCH_MOD_2334,272,2024-09-23,Open_Vial_Wastage,Staff_97,True,3203.1
ddebf7c5,HUB_013,Dhaka Upazila_Health_Complex 13,Upazila_Health_Complex,Covishield,BATCH_MOD_1913,195,2024-10-28,Load_Shedding,Staff_12,False,2980.96
df6df67a,HUB_011,Dhaka Upazila_Health_Complex 11,Upazila_Health_Complex,Moderna,BATCH_SIN_1561,148,2024-10-09,Open_Vial_Wastage,Staff_94,False,1467.47
05acfcf9,HUB_023,Noakhali Division_Hub 23,Division_Hub,Covishield,BATCH_SIN_1261,381,2024-08-16,Contamination,Staff_47,False,3157.3
86a105df,HUB_004,Comilla Upazila_Health_Complex 4,Upazila_Health_Complex,Sinopharm,BATCH_MOD_7628,160,2024-10-05,Expired,Staff_31,True,1631.26
acbcd866,HUB_002,Dhaka District_Center 2,District_Center,Sinopharm,BATCH_MOD_7585,360,2024-10-24,Open_Vial_Wastage,Staff_68,True,1689.87
14299c2b,HUB_011,Dhaka Upazila_Health_Complex 11,Upazila_Health_Complex,Covishield,BATCH_MOD_7549,229,2024-08-22,Expired,Staff_15,True,634.83
056c70f0,HUB_003,Sylhet District_Center 3,District_Center,Covishield,BATCH_COV_1983,466,2024-08-07,Load_Shedding,Staff_84,False,4149.9
232ad205,HUB_010,Dhaka District_Center 10,District_Center,Sinopharm,BATCH_SIN_2372,432,2024-08-28,Breakage,Staff_55,True,905.61
37f5287c,HUB_028,Dhaka Community_Clinic 28,Community_Clinic,Moderna,BATCH_PFI_3345,176,2024-08-16,Open_Vial_Wastage,Staff_81,False,4632.81
23a42ed5,HUB_020,Dhaka District_Center 20,District_Center,Covishield,BATCH_PFI_5539,69,2024-10-01,Flood_Damage,Staff_72,False,327.16
b1318e50,HUB_013,Dhaka Upazila_Health_Complex 13,Upazila_Health_Complex,Sinopharm,BATCH_MOD_1753,37,2024-08-15,Breakage,Staff_22,True,331.43
e7482210,HUB_018,Thakurgaon Community_Clinic 18,Community_Clinic,Covishield,BATCH_SIN_3345,58,2024-08-14,Open_Vial_Wastage,Staff_95,True,2919.43
628a6960,HUB_024,Feni Upazila_Health_Complex 24,Upazila_Health_Complex,Covishield,BATCH_SIN_4512,220,2024-09-15,Contamination,Staff_87,False,2161.99
eba77b63,HUB_021,Thakurgaon Community_Clinic 21,Community_Clinic,Pfizer,BATCH_MOD_4142,196,2024-10-08,Contamination,Staff_92,True,3290.16
83a3627c,HUB_003,Sylhet District_Center 3,District_Center,Covishield,BATCH_SIN_7784,83,2024-10-10,Flood_Damage,Staff_15,False,3202.26
34f10f72,HUB_008,Thakurgaon Division_Hub 8,Division_Hub,Covishield,BATCH_PFI_2262,96,2024-09-14,Contamination,Staff_7,False,4257.41
a682bbe0,HUB_019,Jessore District_Center 19,District_Center,Covishield,BATCH_MOD_6499,368,2024-10-15,Load_Shedding,Staff_25,True,3014.75
4fa3f1c9,HUB_022,Narayanganj Division_Hub 22,Division_Hub,Sinopharm,BATCH_COV_2724,202,2024-08-15,Open_Vial_Wastage,Staff_33,True,2797.07
fed2ca73,HUB_029,Nilphamari Division_Hub 29,Division_Hub,Moderna,BATCH_COV_4494,165,2024-08-01,Open_Vial_Wastage,Staff_83,True,1064.96
f54de877,HUB_018,Thakurgaon Community_Clinic 18,Community_Clinic,Moderna,BATCH_PFI_2999,337,2024-08-31,Contamination,Staff_77,True,1537.74
ae39f8b0,HUB_007,Jessore Community_Clinic 7,Community_Clinic,Moderna,BATCH_COV_9797,310,2024-09-15,Open_Vial_Wastage,Staff_32,True,3056.62
b6cd3233,HUB_012,Comilla District_Center 12,District_Center,Pfizer,BATCH_COV_4250,54,2024-09-18,Breakage,Staff_61,True,953.19
13cfc739,HUB_023,Noakhali Division_Hub 23,Division_Hub,Sinopharm,BATCH_PFI_2013,216,2024-08-09,Contamination,Staff_72,True,3467.84
b5a7b2c2,HUB_010,Dhaka District_Center 10,District_Center,Pfizer,BATCH_COV_7129,277,2024-09-14,Flood_Damage,Staff_91,True,2601.34
28674703,HUB_007,Jessore Community_Clinic 7,Community_Clinic,Moderna,BATCH_SIN_6318,153,2024-08-27,Load_Shedding,Staff_4,False,4036.62
1b924dac,HUB_023,Noakhali Division_Hub 23,Division_Hub,Moderna,BATCH_PFI_2621,489,2024-10-06,Load_Shedding,Staff_90,True,3392.8
711fab08,HUB_027,Noakhali District_Center 27,District_Center,Covishield,BATCH_MOD_4641,456,2024-08-11,Breakage,Staff_72,False,1921.16
5f994281,HUB_020,Dhaka District_Center 20,District_Center,Covishield,BATCH_MOD_1170,202,2024-09-17,Flood_Damage,Staff_44,True,3150.38
3c68eb26,HUB_005,Pirojpur District_Center 5,District_Center,Sinopharm,BATCH_PFI_5212,400,2024-09-28,Open_Vial_Wastage,Staff_96,True,2807.16
8d899a9a,HUB_017,Jamalpur District_Center 17,District_Center,Sinopharm,BATCH_PFI_2470,374,2024-09-08,Contamination,Staff_65,False,941.81
dfadf941,HUB_024,Feni Upazila_Health_Complex 24,Upazila_Health_Complex,Pfizer,BATCH_MOD_4733,282,2024-10-25,Breakage,Staff_23,True,2460.17
3b628138,HUB_020,Dhaka District_Center 20,District_Center,Moderna,BATCH_MOD_3149,148,2024-09-01,Flood_Damage,Staff_28,False,4668.65
6d597535,HUB_001,Chittagong Upazila_Health_Complex 1,Upazila_Health_Complex,Covishield,BATCH_COV_3947,389,2024-09-04,Contamination,Staff_18,True,603.59
45329cf4,HUB_026,Natore Upazila_Health_Complex 26,Upazila_Health_Complex,Sinopharm,BATCH_MOD_9113,248,2024-09-12,Contamination,Staff_18,False,2994.34
13f04f9c,HUB_011,Dhaka Upazila_Health_Complex 11,Upazila_Health_Complex,Moderna,BATCH_MOD_9109,406,2024-10-25,Expired,Staff_20,True,990.86
3e933a92,HUB_021,Thakurgaon Community_Clinic 21,Community_Clinic,Moderna,BATCH_COV_5009,222,2024-09-04,Contamination,Staff_32,True,4290.55
30fd3b21,HUB_005,Pirojpur District_Center 5,District_Center,Covishield,BATCH_MOD_8315,93,2024-09-06,Load_Shedding,Staff_47,True,2426.09
7f791c42,HUB_022,Narayanganj Division_Hub 22,Division_Hub,Sinopharm,BATCH_PFI_4032,348,2024-10-25,Load_Shedding,Staff_5,True,806.08
aeb1db5b,HUB_005,Pirojpur District_Center 5,District_Center,Sinopharm,BATCH_PFI_2955,448,2024-08-20,Expired,Staff_33,True,457.24
0693d78d,HUB_008,Thakurgaon Division_Hub 8,Division_Hub,Moderna,BATCH_PFI_5757,348,2024-08-12,Contamination,Staff_100,True,1147.74
bd27fb9f,HUB_019,Jessore District_Center 19,District_Center,Moderna,BATCH_PFI_1707,173,2024-08-17,Load_Shedding,Staff_94,True,3767.61
e9ee6b2f,HUB_001,Chittagong Upazila_Health_Complex 1,Upazila_Health_Complex,Pfizer,BATCH_SIN_3205,205,2024-08-13,Contamination,Staff_67,True,581.27
efe5f541,HUB_009,Kushtia Upazila_Health_Complex 9,Upazila_Health_Complex,Covishield,BATCH_PFI_9784,499,2024-08-30,Expired,Staff_3,True,4262.98
fcb98b28,HUB_026,Natore Upazila_Health_Complex 26,Upazila_Health_Complex,Pfizer,BATCH_MOD_1462,106,2024-09-23,Open_Vial_Wastage,Staff_53,True,4107.67
3df947e8,HUB_013,Dhaka Upazila_Health_Complex 13,Upazila_Health_Complex,Moderna,BATCH_MOD_5366,246,2024-09-21,Load_Shedding,Staff_65,False,2528.89
b8cc5a09,HUB_030,Habiganj Division_Hub 30,Division_Hub,Moderna,BATCH_MOD_1783,319,2024-08-16,Load_Shedding,Staff_22,False,1494.14
954b85d0,HUB_002,Dhaka District_Center 2,District_Center,Covishield,BATCH_COV_3251,420,2024-08-05,Breakage,Staff_68,False,2627.89
c93e93c9,HUB_029,Nilphamari Division_Hub 29,Division_Hub,Moderna,BATCH_PFI_4831,283,2024-08-07,Expired,Staff_38,True,2440.22
7999dd4f,HUB_021,Thakurgaon Community_Clinic 21,Community_Clinic,Covishield,BATCH_COV_8634,459,2024-10-29,Flood_Damage,Staff_61,False,4252.82
12fc1c3b,HUB_011,Dhaka Upazila_Health_Complex 11,Upazila_Health_Complex,Moderna,BATCH_PFI_8062,40,2024-09-14,Open_Vial_Wastage,Staff_33,False,412.89
5d8d9790,HUB_016,Khulna Division_Hub 16,Division_Hub,Sinopharm,BATCH_PFI_5349,50,2024-08-11,Expired,Staff_53,True,4898.75
afe9e20e,HUB_025,Tangail Division_Hub 25,Division_Hub,Pfizer,BATCH_SIN_2783,266,2024-08-02,Contamination,Staff_35,True,2143.56
c935362d,HUB_022,Narayanganj Division_Hub 22,Division_Hub,Moderna,BATCH_SIN_2394,436,2024-10-24,Flood_Damage,Staff_31,False,717.82
2a6d7518,HUB_002,Dhaka District_Center 2,District_Center,Sinopharm,BATCH_MOD_2806,225,2024-10-24,Load_Shedding,Staff_73,True,4604.09
0f21a0af,HUB_023,Noakhali Division_Hub 23,Division_Hub,Covishield,BATCH_PFI_1954,484,2024-10-18,Open_Vial_Wastage,Staff_73,True,225.66
f6976806,HUB_007,Jessore Community_Clinic 7,Community_Clinic,Covishield,BATCH_MOD_3357,47,2024-09-17,Load_Shedding,Staff_78,False,914.73
a0c65f29,HUB_020,Dhaka District_Center 20,District_Center,Covishield,BATCH_PFI_2797,298,2024-08-30,Breakage,Staff_13,True,3379.44
9e3bb2c9,HUB_003,Sylhet District_Center 3,District_Center,Covishield,BATCH_PFI_1236,40,2024-10-26,Expired,Staff_30,False,1158.36
2430b7e4,HUB_024,Feni Upazila_Health_Complex 24,Upazila_Health_Complex,Pfizer,BATCH_COV_7875,461,2024-10-16,Breakage,Staff_24,False,2571.02
dd2dc393,HUB_014,Bogra Community_Clinic 14,Community_Clinic,Sinopharm,BATCH_COV_4221,134,2024-09-30,Load_Shedding,Staff_28,True,3425.46
fb8c4c77,HUB_029,Nilphamari Division_Hub 29,Division_Hub,Pfizer,BATCH_PFI_9754,467,2024-10-26,Contamination,Staff_42,False,1171.16
f7261698,HUB_006,Sunamganj Upazila_Health_Complex 6,Upazila_Health_Complex,Pfizer,BATCH_PFI_8763,276,2024-09-27,Expired,Staff_20,False,2623.0
affedc87,HUB_002,Dhaka District_Center 2,District_Center,Sinopharm,BATCH_COV_4286,210,2024-10-26,Breakage,Staff_38,True,2340.98
e0af05cd,HUB_005,Pirojpur District_Center 5,District_Center,Covishield,BATCH_MOD_9064,143,2024-09-07,Breakage,Staff_99,True,1091.57
38cf6862,HUB_002,Dhaka District_Center 2,District_Center,Sinopharm,BATCH_MOD_4087,151,2024-10-22,Breakage,Staff_48,False,3876.04
daa7cccc,HUB_020,Dhaka District_Center 20,District_Center,Covishield,BATCH_MOD_6099,314,2024-09-22,Expired,Staff_36,True,3426.69
6ee3c4f0,HUB_002,Dhaka District_Center 2,District_Center,Pfizer,BATCH_SIN_2344,464,2024-09-10,Load_Shedding,Staff_30,True,145.04
14aca515,HUB_029,Nilphamari Division_Hub 29,Division_Hub,Moderna,BATCH_MOD_2672,370,2024-08-24,Load_Shedding,Staff_20,False,715.92
4e77d13b,HUB_001,Chittagong Upazila_Health_Complex 1,Upazila_Health_Complex,Pfizer,BATCH_MOD_1503,252,2024-08-31,Breakage,Staff_35,True,476.18
850dc73a,HUB_018,Thakurgaon Community_Clinic 18,Community_Clinic,Pfizer,BATCH_PFI_1269,396,2024-09-02,Open_Vial_Wastage,Staff_23,True,3192.99
1c93d76f,HUB_013,Dhaka Upazila_Health_Complex 13,Upazila_Health_Complex,Moderna,BATCH_MOD_2916,321,2024-09-12,Expired,Staff_59,True,2388.83
4a7954c4,HUB_003,Sylhet District_Center 3,District_Center,Pfizer,BATCH_COV_8199,152,2024-08-08,Flood_Damage,Staff_69,True,1886.94
6307e101,HUB_023,Noakhali Division_Hub 23,Division_Hub,Pfizer,BATCH_SIN_6022,225,2024-08-23,Open_Vial_Wastage,Staff_56,False,1101.62
dd2c215e,HUB_008,Thakurgaon Division_Hub 8,Division_Hub,Covishield,BATCH_SIN_1084,448,2024-09-19,Breakage,Staff_84,True,1276.46
a06ceb2a,HUB_007,Jessore Community_Clinic 7,Community_Clinic,Pfizer,BATCH_MOD_2845,180,2024-08-11,Flood_Damage,Staff_30,False,1989.29
5d8f03c5,HUB_008,Thakurgaon Division_Hub 8,Division_Hub,Pfizer,BATCH_SIN_4525,339,2024-10-30,Expired,Staff_2,True,3253.63
03ef3cf1,HUB_004,Comilla Upazila_Health_Complex 4,Upazila_Health_Complex,Pfizer,BATCH_PFI_8299,126,2024-10-22,Flood_Damage,Staff_26,False,1364.62
ddba99fd,HUB_003,Sylhet District_Center 3,District_Center,Pfizer,BATCH_COV_3660,114,2024-08-31,Contamination,Staff_55,True,3824.5
01542d09,HUB_025,Tangail Division_Hub 25,Division_Hub,Sinopharm,BATCH_COV_4981,178,2024-08-12,Breakage,Staff_51,False,1980.66
0053f730,HUB_026,Natore Upazila_Health_Complex 26,Upazila_Health_Complex,Pfizer,BATCH_COV_1107,272,2024-09-27,Open_Vial_Wastage,Staff_86,False,1970.08
2113906c,HUB_007,Jessore Community_Clinic 7,Community_Clinic,Covishield,BATCH_COV_2558,371,2024-09-01,Expired,Staff_24,False,3148.35
65b5d33e,HUB_013,Dhaka Upazila_Health_Complex 13,Upazila_Health_Complex,Covishield,BATCH_SIN_7821,85,2024-08-08,Load_Shedding,Staff_2,True,1143.65
5508290d,HUB_008,Thakurgaon Division_Hub 8,Division_Hub,Pfizer,BATCH_PFI_7477,158,2024-09-04,Load_Shedding,Staff_9,True,1858.8
e1643360,HUB_020,Dhaka District_Center 20,District_Center,Pfizer,BATCH_SIN_6029,357,2024-08-07,Expired,Staff_78,False,1524.7
34a5e62d,HUB_022,Narayanganj Division_Hub 22,Division_Hub,Sinopharm,BATCH_COV_3411,377,2024-09-02,Contamination,Staff_42,False,4833.86
3a4b7c91,HUB_016,Khulna Division_Hub 16,Division_Hub,Covishield,BATCH_PFI_5986,430,2024-08-11,Expired,Staff_9,False,3163.82
85da79e8,HUB_023,Noakhali Division_Hub 23,Division_Hub,Sinopharm,BATCH_COV_3423,185,2024-08-23,Open_Vial_Wastage,Staff_20,True,3807.93
78dc8a64,HUB_027,Noakhali District_Center 27,District_Center,Covishield,BATCH_PFI_3941,290,2024-10-29,Expired,Staff_90,False,276.59
b6e32158,HUB_003,Sylhet District_Center 3,District_Center,Covishield,BATCH_COV_9926,225,2024-08-23,Flood_Damage,Staff_26,False,3642.72
214b49db,HUB_018,Thakurgaon Community_Clinic 18,Community_Clinic,Covishield,BATCH_PFI_4570,402,2024-09-16,Expired,Staff_6,False,3473.06
2011f6d9,HUB_016,Khulna Division_Hub 16,Division_Hub,Moderna,BATCH_MOD_5557,347,2024-08-26,Load_Shedding,Staff_1,False,3851.48
bae8bda8,HUB_020,Dhaka District_Center 20,District_Center,Moderna,BATCH_MOD_5819,72,2024-09-22,Breakage,Staff_36,True,414.78
09cba893,HUB_017,Jamalpur District_Center 17,District_Center,Sinopharm,BATCH_SIN_2292,444,2024-08-14,Expired,Staff_39,True,3359.25
c0be029a,HUB_028,Dhaka Community_Clinic 28,Community_Clinic,Pfizer,BATCH_COV_7609,93,2024-10-02,Flood_Damage,Staff_38,False,4597.23
95f09f61,HUB_004,Comilla Upazila_Health_Complex 4,Upazila_Health_Complex,Moderna,BATCH_PFI_7672,451,2024-10-15,Open_Vial_Wastage,Staff_1,False,3510.93
00686223,HUB_029,Nilphamari Division_Hub 29,Division_Hub,Moderna,BATCH_SIN_6937,165,2024-08-18,Flood_Damage,Staff_67,True,802.64
67be9e4b,HUB_018,Thakurgaon Community_Clinic 18,Community_Clinic,Moderna,BATCH_COV_1908,220,2024-08-31,Expired,Staff_86,False,1973.52
41051008,HUB_011,Dhaka Upazila_Health_Complex 11,Upazila_Health_Complex,Sinopharm,BATCH_PFI_2245,335,2024-08-07,Breakage,Staff_48,True,2786.44
6f614034,HUB_030,Habiganj Division_Hub 30,Division_Hub,Pfizer,BATCH_MOD_8537,122,2024-08-10,Expired,Staff_49,False,3079.91
22853506,HUB_001,Chittagong Upazila_Health_Complex 1,Upazila_Health_Complex,Sinopharm,BATCH_MOD_3774,257,2024-09-29,Contamination,Staff_1,True,1981.61
ea5bb6e5,HUB_020,Dhaka District_Center 20,District_Center,Moderna,BATCH_COV_4631,310,2024-09-17,Load_Shedding,Staff_17,False,4550.46
4ee0de25,HUB_008,Thakurgaon Division_Hub 8,Division_Hub,Pfizer,BATCH_MOD_3176,199,2024-10-19,Load_Shedding,Staff_75,False,2648.7
a28a484d,HUB_006,Sunamganj Upazila_Health_Complex 6,Upazila_Health_Complex,Covishield,BATCH_PFI_1489,62,2024-09-15,Contamination,Staff_65,True,2256.09
f874960d,HUB_019,Jessore District_Center 19,District_Center,Moderna,BATCH_SIN_2539,94,2024-08-17,Open_Vial_Wastage,Staff_54,True,3979.94
a9a08110,HUB_002,Dhaka District_Center 2,District_Center,Covishield,BATCH_PFI_9220,433,2024-10-05,Load_Shedding,Staff_79,False,2162.59
54083554,HUB_027,Noakhali District_Center 27,District_Center,Sinopharm,BATCH_PFI_3338,174,2024-09-24,Load_Shedding,Staff_100,False,3384.83
a803ac66,HUB_002,Dhaka District_Center 2,District_Center,Sinopharm,BATCH_SIN_4866,459,2024-09-24,Contamination,Staff_61,False,1910.43
0295988f,HUB_019,Jessore District_Center 19,District_Center,Sinopharm,BATCH_COV_4704,209,2024-08-25,Load_Shedding,Staff_78,True,2158.8
4a33035a,HUB_025,Tangail Division_Hub 25,Division_Hub,Covishield,BATCH_PFI_5231,40,2024-08-09,Expired,Staff_60,True,1886.83
39ed3e46,HUB_024,Feni Upazila_Health_Complex 24,Upazila_Health_Complex,Sinopharm,BATCH_PFI_7814,371,2024-09-27,Open_Vial_Wastage,Staff_5,True,4296.53
b4117e22,HUB_011,Dhaka Upazila_Health_Complex 11,Upazila_Health_Complex,Sinopharm,BATCH_COV_4354,51,2024-08-27,Load_Shedding,Staff_85,True,2999.48
c384ae8d,HUB_018,Thakurgaon Community_Clinic 18,Community_Clinic,Covishield,BATCH_PFI_1110,472,2024-10-25,Contamination,Staff_64,False,1539.83
60a1dc0a,HUB_025,Tangail Division_Hub 25,Division_Hub,Moderna,BATCH_PFI_8853,182,2024-08-18,Load_Shedding,Staff_38,True,4098.12
df90cbd2,HUB_001,Chittagong Upazila_Health_Complex 1,Upazila_Health_Complex,Pfizer,BATCH_PFI_2400,72,2024-08-24,Contamination,Staff_78,False,1188.55
88f3381a,HUB_009,Kushtia Upazila_Health_Complex 9,Upazila_Health_Complex,Sinopharm,BATCH_COV_4307,181,2024-09-24,Flood_Damage,Staff_15,False,4221.29
40b5927f,HUB_015,Sunamganj Upazila_Health_Complex 15,Upazila_Health_Complex,Pfizer,BATCH_MOD_2909,117,2024-10-23,Breakage,Staff_2,True,4516.22
2fb25bd2,HUB_005,Pirojpur District_Center 5,District_Center,Moderna,BATCH_MOD_8039,368,2024-09-02,Contamination,Staff_31,False,4828.18
9b4cab35,HUB_023,Noakhali Division_Hub 23,Division_Hub,Pfizer,BATCH_PFI_3787,292,2024-10-18,Open_Vial_Wastage,Staff_1,True,3651.66
858db409,HUB_006,Sunamganj Upazila_Health_Complex 6,Upazila_Health_Complex,Moderna,BATCH_COV_1706,124,2024-09-06,Expired,Staff_36,False,358.78
85fd10a6,HUB_025,Tangail Division_Hub 25,Division_Hub,Pfizer,BATCH_SIN_8891,449,2024-08-25,Flood_Damage,Staff_33,False,2606.39
3f876364,HUB_014,Bogra Community_Clinic 14,Community_Clinic,Pfizer,BATCH_SIN_2843,154,2024-10-20,Load_Shedding,Staff_5,False,4509.35
459d0e80,HUB_004,Comilla Upazila_Health_Complex 4,Upazila_Health_Complex,Moderna,BATCH_SIN_8428,102,2024-08-17,Flood_Damage,Staff_33,False,4727.75
06ab9645,HUB_029,Nilphamari Division_Hub 29,Division_Hub,Moderna,BATCH_MOD_1696,55,2024-09-14,Breakage,Staff_11,False,617.16
13c8bcee,HUB_012,Comilla District_Center 12,District_Center,Moderna,BATCH_PFI_1528,258,2024-08-30,Breakage,Staff_79,False,3956.08
05ec3bab,HUB_006,Sunamganj Upazila_Health_Complex 6,Upazila_Health_Complex,Sinopharm,BATCH_MOD_5577,438,2024-08-23,Expired,Staff_50,False,4784.15
23c55006,HUB_027,Noakhali District_Center 27,District_Center,Sinopharm,BATCH_SIN_5903,305,2024-09-02,Expired,Staff_56,True,3858.25
b918af8b,HUB_028,Dhaka Community_Clinic 28,Community_Clinic,Pfizer,BATCH_MOD_6508,166,2024-10-28,Open_Vial_Wastage,Staff_71,False,329.8
57b13836,HUB_010,Dhaka District_Center 10,District_Center,Covishield,BATCH_SIN_8841,113,2024-09-22,Expired,Staff_69,False,2511.6
00b7fd46,HUB_023,Noakhali Division_Hub 23,Division_Hub,Sinopharm,BATCH_MOD_6308,164,2024-10-15,Breakage,Staff_5,False,2182.11
8afa8b05,HUB_028,Dhaka Community_Clinic 28,Community_Clinic,Pfizer,BATCH_COV_6748,73,2024-08-20,Flood_Damage,Staff_22,True,2571.7
26a24f66,HUB_027,Noakhali District_Center 27,District_Center,Pfizer,BATCH_PFI_1730,73,2024-08-08,Contamination,Staff_79,True,2465.99
9ccc8a22,HUB_020,Dhaka District_Center 20,District_Center,Covishield,BATCH_MOD_8729,50,2024-10-05,Load_Shedding,Staff_37,False,4440.93
fc32d005,HUB_023,Noakhali Division_Hub 23,Division_Hub,Sinopharm,BATCH_PFI_1144,200,2024-09-16,Flood_Damage,Staff_57,False,3394.4
72ee670d,HUB_020,Dhaka District_Center 20,District_Center,Pfizer,BATCH_COV_1199,107,2024-10-17,Flood_Damage,Staff_27,False,4623.98
1f3eec9a,HUB_030,Habiganj Division_Hub 30,Division_Hub,Moderna,BATCH_COV_2342,153,2024-09-24,Contamination,Staff_57,False,3736.08
6be919db,HUB_001,Chittagong Upazila_Health_Complex 1,Upazila_Health_Complex,Covishield,BATCH_SIN_7645,47,2024-10-23,Flood_Damage,Staff_78,True,3332.88
ec4706b0,HUB_023,Noakhali Division_Hub 23,Division_Hub,Moderna,BATCH_COV_5997,109,2024-08-08,Expired,Staff_60,True,4317.13
94ff7824,HUB_027,Noakhali District_Center 27,District_Center,Sinopharm,BATCH_SIN_1189,400,2024-09-01,Contamination,Staff_15,False,1828.72
e5601676,HUB_002,Dhaka District_Center 2,District_Center,Covishield,BATCH_SIN_1391,215,2024-09-23,Expired,Staff_11,True,3531.45
48fb4c40,HUB_019,Jessore District_Center 19,District_Center,Sinopharm,BATCH_PFI_5806,144,2024-09-14,Load_Shedding,Staff_6,False,386.85
68bbf084,HUB_020,Dhaka District_Center 20,District_Center,Moderna,BATCH_COV_2007,94,2024-10-20,Breakage,Staff_43,False,4629.38
d8e7492b,HUB_016,Khulna Division_Hub 16,Division_Hub,Covishield,BATCH_SIN_7031,383,2024-10-02,Open_Vial_Wastage,Staff_88,True,3418.62
ccd06bfa,HUB_010,Dhaka District_Center 10,District_Center,Moderna,BATCH_MOD_4887,385,2024-08-08,Open_Vial_Wastage,Staff_98,False,3941.72
1a3ed53d,HUB_012,Comilla District_Center 12,District_Center,Moderna,BATCH_MOD_8242,443,2024-08-03,Expired,Staff_58,True,3653.2
200304cc,HUB_018,Thakurgaon Community_Clinic 18,Community_Clinic,Pfizer,BATCH_MOD_8914,165,2024-08-22,Load_Shedding,Staff_66,True,3653.9
d67cd389,HUB_028,Dhaka Community_Clinic 28,Community_Clinic,Sinopharm,BATCH_PFI_3832,66,2024-08-31,Expired,Staff_5,True,1562.64
138f7bc6,HUB_013,Dhaka Upazila_Health_Complex 13,Upazila_Health_Complex,Sinopharm,BATCH_MOD_1170,108,2024-08-07,Open_Vial_Wastage,Staff_31,False,2211.04
4d874466,HUB_002,Dhaka District_Center 2,District_Center,Covishield,BATCH_MOD_6539,35,2024-09-12,Contamination,Staff_10,False,4097.84
a447c9ff,HUB_011,Dhaka Upazila_Health_Complex 11,Upazila_Health_Complex,Covishield,BATCH_COV_1431,25,2024-09-04,Open_Vial_Wastage,Staff_76,True,2625.61
